nodes,loss,starved_share,starved_nodes,arm,runs,healthy_false_deaths,starved_false_deaths,runs_with_false_death,false_deaths_per_run,false_suspicions_per_run,detection_mean_s,detection_p50_s,detection_p99_s,undetected
50,0.01,0,0,lifeguard,200,0,0,0,0.0000,0.00,8.719,8.457,12.392,0
50,0.01,0,0,swim,200,0,0,0,0.0000,0.00,8.920,8.607,12.928,0
50,0.01,0,0,swim_no_tcp_fallback,200,0,0,0,0.0000,0.01,8.785,8.503,12.360,0
50,0.03,0,0,lifeguard,200,0,0,0,0.0000,0.00,8.759,8.423,11.740,0
50,0.03,0,0,swim,200,0,0,0,0.0000,0.00,8.710,8.462,11.912,0
50,0.03,0,0,swim_no_tcp_fallback,200,0,0,0,0.0000,0.58,8.772,8.558,12.071,0
50,0.05,0,0,lifeguard,200,0,0,0,0.0000,0.00,8.653,8.433,11.735,0
50,0.05,0,0,swim,200,0,0,0,0.0000,0.00,8.739,8.563,12.489,0
50,0.05,0,0,swim_no_tcp_fallback,200,8,0,8,0.0400,3.67,8.696,8.435,12.433,0
50,0.01,0.01,1,lifeguard,200,0,2,2,0.0100,30.28,8.782,8.573,12.583,0
50,0.01,0.01,1,swim,200,179,6,119,0.9250,145.31,8.664,8.430,11.553,0
50,0.01,0.01,1,swim_no_tcp_fallback,200,180,0,114,0.9000,145.57,8.756,8.481,12.211,0
50,0.03,0.01,1,lifeguard,200,0,0,0,0.0000,30.24,8.843,8.531,12.280,0
50,0.03,0.01,1,swim,200,259,4,149,1.3150,145.24,8.923,8.607,12.293,0
50,0.03,0.01,1,swim_no_tcp_fallback,200,247,2,131,1.2450,146.22,8.867,8.591,13.182,0
50,0.05,0.01,1,lifeguard,200,0,4,4,0.0200,30.43,8.812,8.562,12.193,0
50,0.05,0.01,1,swim,200,320,2,158,1.6100,145.32,8.926,8.609,13.451,0
50,0.05,0.01,1,swim_no_tcp_fallback,200,294,5,159,1.4950,149.49,8.677,8.462,11.412,1
50,0.01,0.05,3,lifeguard,200,0,10,9,0.0500,84.44,9.026,8.673,12.295,0
50,0.01,0.05,3,swim,200,453,5,177,2.2900,374.23,8.754,8.499,12.607,0
50,0.01,0.05,3,swim_no_tcp_fallback,200,469,7,176,2.3800,373.92,8.740,8.534,11.819,0
50,0.03,0.05,3,lifeguard,200,0,9,9,0.0450,84.25,8.934,8.648,12.823,0
50,0.03,0.05,3,swim,200,603,9,195,3.0600,373.21,8.759,8.533,12.387,0
50,0.03,0.05,3,swim_no_tcp_fallback,200,553,6,192,2.7950,375.40,8.849,8.593,12.023,0
50,0.05,0.05,3,lifeguard,200,0,14,14,0.0700,83.77,8.901,8.610,12.540,0
50,0.05,0.05,3,swim,200,695,12,192,3.5350,373.24,8.798,8.501,11.926,1
50,0.05,0.05,3,swim_no_tcp_fallback,200,756,11,197,3.8350,377.99,8.821,8.557,12.448,2
50,0.01,0.1,5,lifeguard,200,1,11,12,0.0600,135.63,8.982,8.657,13.025,0
50,0.01,0.1,5,swim,200,630,22,195,3.2600,545.00,8.789,8.607,12.447,0
50,0.01,0.1,5,swim_no_tcp_fallback,200,651,15,191,3.3300,546.12,8.764,8.588,12.673,0
50,0.03,0.1,5,lifeguard,200,1,17,17,0.0900,134.94,9.033,8.733,13.294,0
50,0.03,0.1,5,swim,200,823,19,196,4.2100,543.77,8.748,8.540,12.401,1
50,0.03,0.1,5,swim_no_tcp_fallback,200,794,22,194,4.0800,546.48,8.889,8.584,14.530,0
50,0.05,0.1,5,lifeguard,200,0,36,34,0.1800,134.65,9.067,8.836,13.972,0
50,0.05,0.1,5,swim,200,871,24,197,4.4750,544.03,8.667,8.545,11.620,1
50,0.05,0.1,5,swim_no_tcp_fallback,200,926,26,199,4.7600,549.18,8.764,8.518,12.769,0
200,0.01,0,0,lifeguard,200,0,0,0,0.0000,0.00,11.107,10.897,14.110,0
200,0.01,0,0,swim,200,0,0,0,0.0000,0.00,11.105,10.897,14.110,0
200,0.01,0,0,swim_no_tcp_fallback,200,0,0,0,0.0000,0.04,11.094,10.887,14.110,0
200,0.03,0,0,lifeguard,200,0,0,0,0.0000,0.00,11.082,10.875,14.110,0
200,0.03,0,0,swim,200,0,0,0,0.0000,0.00,11.066,10.872,14.110,0
200,0.03,0,0,swim_no_tcp_fallback,200,0,0,0,0.0000,2.02,11.091,10.887,14.110,0
200,0.05,0,0,lifeguard,200,0,0,0,0.0000,0.00,11.051,10.872,14.110,0
200,0.05,0,0,swim,200,0,0,0,0.0000,0.00,11.029,10.870,13.531,0
200,0.05,0,0,swim_no_tcp_fallback,200,2,0,2,0.0100,15.03,11.062,10.906,13.531,0
200,0.01,0.01,2,lifeguard,200,0,0,0,0.0000,55.62,11.541,11.189,15.248,0
200,0.01,0.01,2,swim,200,23,0,20,0.1150,282.78,11.572,11.251,15.234,0
200,0.01,0.01,2,swim_no_tcp_fallback,200,24,0,22,0.1200,283.33,11.571,11.259,15.225,0
200,0.03,0.01,2,lifeguard,200,0,0,0,0.0000,55.48,11.472,11.153,15.492,0
200,0.03,0.01,2,swim,200,32,0,26,0.1600,282.87,11.548,11.248,15.236,0
200,0.03,0.01,2,swim_no_tcp_fallback,200,29,0,27,0.1450,285.31,11.520,11.218,15.100,0
200,0.05,0.01,2,lifeguard,200,0,0,0,0.0000,55.43,11.530,11.173,15.486,0
200,0.05,0.01,2,swim,200,57,1,53,0.2900,282.82,11.516,11.240,15.224,0
200,0.05,0.01,2,swim_no_tcp_fallback,200,53,0,42,0.2650,297.67,11.543,11.239,15.249,0
200,0.01,0.05,10,lifeguard,200,0,0,0,0.0000,267.31,11.651,11.269,16.366,0
200,0.01,0.05,10,swim,200,78,0,62,0.3900,1221.70,11.433,11.143,15.068,0
200,0.01,0.05,10,swim_no_tcp_fallback,200,110,0,72,0.5500,1224.28,11.419,11.160,15.075,0
200,0.03,0.05,10,lifeguard,200,0,0,0,0.0000,266.43,11.659,11.275,16.437,0
200,0.03,0.05,10,swim,200,123,0,89,0.6150,1221.57,11.448,11.173,15.151,0
200,0.03,0.05,10,swim_no_tcp_fallback,200,121,0,86,0.6050,1226.45,11.452,11.133,15.172,0
200,0.05,0.05,10,lifeguard,200,0,0,0,0.0000,265.86,11.619,11.276,16.292,0
200,0.05,0.05,10,swim,200,189,0,111,0.9450,1221.48,11.431,11.139,15.089,0
200,0.05,0.05,10,swim_no_tcp_fallback,200,166,0,105,0.8300,1238.34,11.406,11.134,15.065,0
200,0.01,0.1,20,lifeguard,200,0,0,0,0.0000,516.56,11.625,11.299,15.511,0
200,0.01,0.1,20,swim,200,118,0,80,0.5900,2076.56,11.220,10.979,14.087,0
200,0.01,0.1,20,swim_no_tcp_fallback,200,117,1,84,0.5900,2082.07,11.204,10.960,14.108,0
200,0.03,0.1,20,lifeguard,200,2,2,3,0.0200,514.60,11.558,11.285,15.500,0
200,0.03,0.1,20,swim,200,188,1,106,0.9450,2076.74,11.171,10.935,14.066,0
200,0.03,0.1,20,swim_no_tcp_fallback,200,171,0,108,0.8550,2084.11,11.186,10.943,14.074,0
200,0.05,0.1,20,lifeguard,200,4,0,4,0.0200,512.14,11.658,11.335,16.568,0
200,0.05,0.1,20,swim,200,219,1,128,1.1000,2074.53,11.113,10.891,14.070,0
200,0.05,0.1,20,swim_no_tcp_fallback,200,203,0,121,1.0150,2095.58,11.171,10.950,14.074,0
