stage,nodes,loss,starved_share,starved_nodes,variant,runs,healthy_false_deaths,starved_false_deaths,runs_with_false_death,false_deaths_per_run,false_deaths_sd,false_suspicions_per_run,false_suspicions_sd,detection_mean_s,detection_p50_s,detection_p99_s,detection_max_s,undetected,bytes_per_node_s,udp_bytes_per_node_s,tcp_bytes_per_node_s
screen,50,0,0,0,lan,100,0,0,0,0.0000,0.0000,0.00,0.00,8.569,8.329,11.435,11.459,0,244.3,175.4,68.9
screen,50,0,0,0,probe_interval=500ms probe_timeout=250ms,100,0,0,0,0.0000,0.0000,0.00,0.00,4.427,4.284,6.196,6.234,0,348.8,280.0,68.8
screen,50,0,0,0,probe_interval=750ms probe_timeout=375ms,100,0,0,0,0.0000,0.0000,0.00,0.00,6.598,6.432,9.282,9.338,0,276.1,207.3,68.8
screen,50,0,0,0,probe_interval=1500ms probe_timeout=750ms,100,0,0,0,0.0000,0.0000,0.00,0.00,13.476,13.003,19.008,19.056,0,220.4,151.5,68.9
screen,50,0,0,0,probe_timeout=250ms,100,0,0,0,0.0000,0.0000,0.00,0.00,8.569,8.328,11.435,11.459,0,244.4,175.5,68.9
screen,50,0,0,0,probe_timeout=750ms,100,0,0,0,0.0000,0.0000,0.00,0.00,8.569,8.328,11.435,11.498,0,244.3,175.4,68.9
screen,50,0,0,0,suspicion_mult=2,100,0,0,0,0.0000,0.0000,0.00,0.00,5.172,4.931,8.037,8.061,0,223.7,154.8,68.9
screen,50,0,0,0,suspicion_mult=3,100,0,0,0,0.0000,0.0000,0.00,0.00,6.871,6.630,9.736,9.772,0,234.4,165.6,68.9
screen,50,0,0,0,suspicion_mult=5,100,0,0,0,0.0000,0.0000,0.00,0.00,10.268,10.027,13.134,13.158,0,254.0,185.2,68.9
screen,50,0,0,0,suspicion_max_mult=4,100,0,0,0,0.0000,0.0000,0.00,0.00,8.569,8.329,11.435,11.459,0,244.3,175.4,68.9
screen,50,0,0,0,suspicion_max_mult=8,100,0,0,0,0.0000,0.0000,0.00,0.00,8.569,8.329,11.435,11.459,0,244.3,175.4,68.9
screen,50,0,0,0,expected_confirmations=2,100,0,0,0,0.0000,0.0000,0.00,0.00,8.569,8.329,11.435,11.459,0,244.3,175.4,68.9
screen,50,0,0,0,expected_confirmations=5,100,0,0,0,0.0000,0.0000,0.00,0.00,8.569,8.329,11.435,11.459,0,244.3,175.4,68.9
screen,50,0,0,0,gossip_interval=100ms,100,0,0,0,0.0000,0.0000,0.00,0.00,8.689,8.476,11.741,11.758,0,258.7,189.9,68.8
screen,50,0,0,0,gossip_interval=400ms,100,0,0,0,0.0000,0.0000,0.00,0.00,8.840,8.499,13.561,13.672,0,227.0,158.1,68.9
screen,50,0,0,0,gossip_nodes=2,100,0,0,0,0.0000,0.0000,0.00,0.00,8.910,8.428,14.340,14.410,0,234.1,165.2,68.9
screen,50,0,0,0,gossip_nodes=5,100,0,0,0,0.0000,0.0000,0.00,0.00,8.681,8.537,11.019,11.020,0,254.9,186.1,68.9
screen,50,0,0,0,retransmit_mult=2,100,0,0,0,0.0000,0.0000,0.00,0.00,8.812,8.573,11.630,11.692,0,225.1,156.2,68.9
screen,50,0,0,0,retransmit_mult=6,100,0,0,0,0.0000,0.0000,0.00,0.00,8.641,8.372,11.658,11.715,0,254.2,185.4,68.8
screen,50,0.01,0,0,lan,100,0,0,0,0.0000,0.0000,0.00,0.00,8.661,8.378,12.392,12.439,0,260.2,188.8,71.4
screen,50,0.01,0,0,probe_interval=500ms probe_timeout=250ms,100,0,0,0,0.0000,0.0000,0.00,0.00,4.459,4.269,5.892,5.914,0,382.3,308.3,74.0
screen,50,0.01,0,0,probe_interval=750ms probe_timeout=375ms,100,0,0,0,0.0000,0.0000,0.00,0.00,6.575,6.434,9.578,9.611,0,298.6,226.3,72.3
screen,50,0.01,0,0,probe_interval=1500ms probe_timeout=750ms,100,0,0,0,0.0000,0.0000,0.00,0.00,13.437,12.999,19.008,19.010,0,231.4,160.8,70.6
screen,50,0.01,0,0,probe_timeout=250ms,100,0,0,0,0.0000,0.0000,0.00,0.00,8.729,8.429,12.681,12.719,0,260.8,189.4,71.4
screen,50,0.01,0,0,probe_timeout=750ms,100,0,0,0,0.0000,0.0000,0.00,0.00,8.581,8.376,11.654,11.722,0,260.6,189.2,71.4
screen,50,0.01,0,0,suspicion_mult=2,100,0,0,0,0.0000,0.0000,0.00,0.00,5.263,4.979,8.994,9.109,0,239.9,168.5,71.4
screen,50,0.01,0,0,suspicion_mult=3,100,0,0,0,0.0000,0.0000,0.00,0.00,6.962,6.679,10.693,10.811,0,250.5,179.1,71.4
screen,50,0.01,0,0,suspicion_mult=5,100,0,0,0,0.0000,0.0000,0.00,0.00,10.360,10.076,14.091,14.138,0,269.8,198.4,71.4
screen,50,0.01,0,0,suspicion_max_mult=4,100,0,0,0,0.0000,0.0000,0.00,0.00,8.661,8.378,12.392,12.439,0,260.2,188.8,71.4
screen,50,0.01,0,0,suspicion_max_mult=8,100,0,0,0,0.0000,0.0000,0.00,0.00,8.661,8.378,12.392,12.439,0,260.2,188.8,71.4
screen,50,0.01,0,0,expected_confirmations=2,100,0,0,0,0.0000,0.0000,0.00,0.00,8.661,8.378,12.392,12.439,0,260.2,188.8,71.4
screen,50,0.01,0,0,expected_confirmations=5,100,0,0,0,0.0000,0.0000,0.00,0.00,8.661,8.378,12.392,12.439,0,260.2,188.8,71.4
screen,50,0.01,0,0,gossip_interval=100ms,100,0,0,0,0.0000,0.0000,0.00,0.00,8.745,8.542,11.741,11.762,0,275.5,204.1,71.4
screen,50,0.01,0,0,gossip_interval=400ms,100,0,0,0,0.0000,0.0000,0.00,0.00,8.764,8.503,11.045,11.087,0,243.4,172.0,71.4
screen,50,0.01,0,0,gossip_nodes=2,100,0,0,0,0.0000,0.0000,0.00,0.00,8.772,8.396,12.893,13.005,0,250.9,179.5,71.4
screen,50,0.01,0,0,gossip_nodes=5,100,0,0,0,0.0000,0.0000,0.00,0.00,8.779,8.603,11.272,11.274,0,271.8,200.4,71.4
screen,50,0.01,0,0,retransmit_mult=2,100,0,0,0,0.0000,0.0000,0.00,0.00,8.881,8.586,13.710,13.745,0,241.7,170.3,71.4
screen,50,0.01,0,0,retransmit_mult=6,100,0,0,0,0.0000,0.0000,0.00,0.00,8.713,8.390,12.212,12.259,0,271.1,199.7,71.4
screen,50,0.03,0,0,lan,100,0,0,0,0.0000,0.0000,0.00,0.00,8.803,8.505,11.386,11.425,0,293.5,216.9,76.6
screen,50,0.03,0,0,probe_interval=500ms probe_timeout=250ms,100,0,0,0,0.0000,0.0000,0.00,0.00,4.365,4.259,5.719,5.764,0,446.6,362.4,84.2
screen,50,0.03,0,0,probe_interval=750ms probe_timeout=375ms,100,0,0,0,0.0000,0.0000,0.00,0.00,6.468,6.236,9.114,9.221,0,342.2,263.1,79.2
screen,50,0.03,0,0,probe_interval=1500ms probe_timeout=750ms,100,0,0,0,0.0000,0.0000,0.00,0.00,13.411,12.893,19.008,19.074,0,253.1,179.1,74.0
screen,50,0.03,0,0,probe_timeout=250ms,100,0,0,0,0.0000,0.0000,0.00,0.00,8.828,8.511,13.396,13.417,0,292.8,216.3,76.5
screen,50,0.03,0,0,probe_timeout=750ms,100,0,0,0,0.0000,0.0000,0.00,0.00,8.610,8.412,11.861,11.864,0,293.4,216.8,76.6
screen,50,0.03,0,0,suspicion_mult=2,100,0,0,0,0.0000,0.0000,0.00,0.00,5.405,5.107,7.989,8.096,0,273.3,196.7,76.6
screen,50,0.03,0,0,suspicion_mult=3,100,0,0,0,0.0000,0.0000,0.00,0.00,7.104,6.806,9.688,9.742,0,283.5,207.0,76.6
screen,50,0.03,0,0,suspicion_mult=5,100,0,0,0,0.0000,0.0000,0.00,0.00,10.502,10.204,13.086,13.140,0,303.3,226.7,76.6
screen,50,0.03,0,0,suspicion_max_mult=4,100,0,0,0,0.0000,0.0000,0.00,0.00,8.803,8.505,11.386,11.425,0,293.5,216.9,76.6
screen,50,0.03,0,0,suspicion_max_mult=8,100,0,0,0,0.0000,0.0000,0.00,0.00,8.803,8.505,11.386,11.425,0,293.5,216.9,76.6
screen,50,0.03,0,0,expected_confirmations=2,100,0,0,0,0.0000,0.0000,0.00,0.00,8.803,8.505,11.386,11.425,0,293.5,216.9,76.6
screen,50,0.03,0,0,expected_confirmations=5,100,0,0,0,0.0000,0.0000,0.00,0.00,8.803,8.505,11.386,11.425,0,293.5,216.9,76.6
screen,50,0.03,0,0,gossip_interval=100ms,100,0,0,0,0.0000,0.0000,0.00,0.00,8.883,8.630,14.583,14.585,0,309.8,233.3,76.5
screen,50,0.03,0,0,gossip_interval=400ms,100,0,0,0,0.0000,0.0000,0.00,0.00,8.660,8.474,12.484,12.638,0,276.4,199.8,76.6
screen,50,0.03,0,0,gossip_nodes=2,100,0,0,0,0.0000,0.0000,0.00,0.00,8.650,8.371,12.798,13.067,0,282.4,205.8,76.5
screen,50,0.03,0,0,gossip_nodes=5,100,0,0,0,0.0000,0.0000,0.00,0.00,8.674,8.328,11.437,11.440,0,303.0,226.5,76.5
screen,50,0.03,0,0,retransmit_mult=2,100,0,0,0,0.0000,0.0000,0.00,0.00,8.552,8.320,11.886,11.888,0,273.7,197.2,76.5
screen,50,0.03,0,0,retransmit_mult=6,100,0,0,0,0.0000,0.0000,0.00,0.00,8.630,8.321,12.005,12.080,0,303.5,226.9,76.6
screen,50,0.05,0,0,lan,100,0,0,0,0.0000,0.0000,0.00,0.00,8.603,8.433,11.735,11.770,0,323.3,241.9,81.5
screen,50,0.05,0,0,probe_interval=500ms probe_timeout=250ms,100,0,0,0,0.0000,0.0000,0.00,0.00,4.343,4.272,6.435,6.586,0,508.1,413.8,94.4
screen,50,0.05,0,0,probe_interval=750ms probe_timeout=375ms,100,0,0,0,0.0000,0.0000,0.00,0.00,6.575,6.344,8.881,8.942,0,381.7,295.9,85.8
screen,50,0.05,0,0,probe_interval=1500ms probe_timeout=750ms,100,0,0,0,0.0000,0.0000,0.00,0.00,13.350,12.893,19.008,19.054,0,272.9,195.5,77.3
screen,50,0.05,0,0,probe_timeout=250ms,100,0,0,0,0.0000,0.0000,0.00,0.00,8.798,8.381,11.974,12.027,0,323.1,241.6,81.5
screen,50,0.05,0,0,probe_timeout=750ms,100,0,0,0,0.0000,0.0000,0.00,0.00,8.620,8.463,11.455,11.493,0,322.2,240.7,81.5
screen,50,0.05,0,0,suspicion_mult=2,100,0,0,0,0.0000,0.0000,0.00,0.00,5.205,5.035,8.337,8.358,0,303.4,221.8,81.6
screen,50,0.05,0,0,suspicion_mult=3,100,0,0,0,0.0000,0.0000,0.00,0.00,6.904,6.734,10.036,10.057,0,313.8,232.2,81.5
screen,50,0.05,0,0,suspicion_mult=5,100,0,0,0,0.0000,0.0000,0.00,0.00,10.302,10.132,13.434,13.469,0,333.8,252.2,81.6
screen,50,0.05,0,0,suspicion_max_mult=4,100,0,0,0,0.0000,0.0000,0.00,0.00,8.603,8.433,11.735,11.770,0,323.3,241.9,81.5
screen,50,0.05,0,0,suspicion_max_mult=8,100,0,0,0,0.0000,0.0000,0.00,0.00,8.603,8.433,11.735,11.770,0,323.3,241.9,81.5
screen,50,0.05,0,0,expected_confirmations=2,100,0,0,0,0.0000,0.0000,0.00,0.00,8.603,8.433,11.735,11.770,0,323.3,241.9,81.5
screen,50,0.05,0,0,expected_confirmations=5,100,0,0,0,0.0000,0.0000,0.00,0.00,8.603,8.433,11.735,11.770,0,323.3,241.9,81.5
screen,50,0.05,0,0,gossip_interval=100ms,100,0,0,0,0.0000,0.0000,0.00,0.00,8.703,8.517,12.377,12.380,0,338.1,256.6,81.5
screen,50,0.05,0,0,gossip_interval=400ms,100,0,0,0,0.0000,0.0000,0.00,0.00,8.687,8.354,12.407,12.458,0,306.5,224.9,81.6
screen,50,0.05,0,0,gossip_nodes=2,100,0,0,0,0.0000,0.0000,0.00,0.00,8.640,8.460,11.975,12.072,0,313.2,231.8,81.5
screen,50,0.05,0,0,gossip_nodes=5,100,0,0,0,0.0000,0.0000,0.00,0.00,8.692,8.443,11.855,11.857,0,334.0,252.5,81.5
screen,50,0.05,0,0,retransmit_mult=2,100,0,0,0,0.0000,0.0000,0.00,0.00,8.694,8.531,12.001,12.004,0,304.6,223.0,81.6
screen,50,0.05,0,0,retransmit_mult=6,100,0,0,0,0.0000,0.0000,0.00,0.00,8.703,8.433,15.241,15.282,0,334.6,253.0,81.7
screen,50,0,0.01,1,lan,100,0,2,2,0.0200,0.1407,30.37,1.18,8.947,8.760,13.010,13.092,0,794.9,724.3,70.6
screen,50,0,0.01,1,probe_interval=500ms probe_timeout=250ms,100,0,14,13,0.1400,0.3766,38.62,0.85,4.456,4.344,5.684,5.994,0,1124.3,1051.9,72.4
screen,50,0,0.01,1,probe_interval=750ms probe_timeout=375ms,100,0,2,2,0.0200,0.1407,34.12,1.16,6.683,6.498,9.258,9.546,0,917.7,846.8,70.9
screen,50,0,0.01,1,probe_interval=1500ms probe_timeout=750ms,100,0,1,1,0.0100,0.1000,22.66,1.58,13.262,12.855,20.678,20.743,0,605.2,535.4,69.8
screen,50,0,0.01,1,probe_timeout=250ms,100,0,0,0,0.0000,0.0000,30.48,1.07,8.822,8.584,12.644,12.684,0,795.2,724.4,70.8
screen,50,0,0.01,1,probe_timeout=750ms,100,0,2,2,0.0200,0.1407,29.80,1.26,8.951,8.658,13.687,13.721,0,791.2,720.8,70.4
screen,50,0,0.01,1,suspicion_mult=2,100,0,28,24,0.2800,0.5519,30.45,1.21,5.495,5.306,9.612,9.693,0,783.9,713.3,70.6
screen,50,0,0.01,1,suspicion_mult=3,100,0,2,2,0.0200,0.1407,30.31,1.26,7.243,7.034,11.311,11.393,0,787.3,716.8,70.6
screen,50,0,0.01,1,suspicion_mult=5,100,0,0,0,0.0000,0.0000,30.23,1.18,10.637,10.458,14.709,14.791,0,799.1,728.5,70.6
screen,50,0,0.01,1,suspicion_max_mult=4,100,0,2,2,0.0200,0.1407,30.37,1.18,8.947,8.760,13.010,13.092,0,794.9,724.3,70.6
screen,50,0,0.01,1,suspicion_max_mult=8,100,0,2,2,0.0200,0.1407,30.37,1.18,8.947,8.760,13.010,13.092,0,794.9,724.3,70.6
screen,50,0,0.01,1,expected_confirmations=2,100,0,2,2,0.0200,0.1407,30.37,1.18,8.947,8.760,13.010,13.092,0,794.9,724.3,70.6
screen,50,0,0.01,1,expected_confirmations=5,100,0,1,1,0.0100,0.1000,30.36,1.19,8.947,8.760,13.010,13.092,0,794.8,724.2,70.6
screen,50,0,0.01,1,gossip_interval=100ms,100,0,2,2,0.0200,0.1407,30.47,1.19,8.764,8.404,12.983,13.020,0,981.4,910.9,70.5
screen,50,0,0.01,1,gossip_interval=400ms,100,0,1,1,0.0100,0.1000,29.40,1.08,8.875,8.660,11.610,11.973,0,597.8,527.3,70.5
screen,50,0,0.01,1,gossip_nodes=2,100,0,1,1,0.0100,0.1000,29.61,1.21,8.971,8.623,12.123,12.511,0,670.4,599.9,70.5
screen,50,0,0.01,1,gossip_nodes=5,100,0,3,3,0.0300,0.1714,30.63,1.19,8.796,8.565,12.499,12.522,0,924.9,854.4,70.5
screen,50,0,0.01,1,retransmit_mult=2,100,0,43,35,0.4300,0.6553,30.28,1.31,8.968,8.615,11.970,12.057,0,580.6,510.1,70.5
screen,50,0,0.01,1,retransmit_mult=6,100,0,0,0,0.0000,0.0000,30.13,1.33,8.874,8.684,11.660,11.813,0,906.0,835.5,70.5
screen,50,0.01,0.01,1,lan,100,0,0,0,0.0000,0.0000,30.39,1.24,8.775,8.605,11.992,12.086,0,807.0,734.1,73.0
screen,50,0.01,0.01,1,probe_interval=500ms probe_timeout=250ms,100,0,8,8,0.0800,0.2727,39.01,1.05,4.406,4.276,6.088,6.442,0,1156.8,1079.4,77.4
screen,50,0.01,0.01,1,probe_interval=750ms probe_timeout=375ms,100,0,1,1,0.0100,0.1000,34.18,1.12,6.677,6.485,9.819,9.976,0,939.5,865.3,74.2
screen,50,0.01,0.01,1,probe_interval=1500ms probe_timeout=750ms,100,0,0,0,0.0000,0.0000,22.60,1.54,13.258,12.737,20.678,20.681,0,614.6,543.2,71.4
screen,50,0.01,0.01,1,probe_timeout=250ms,100,0,0,0,0.0000,0.0000,30.32,1.25,8.766,8.583,11.580,11.841,0,807.9,734.7,73.3
screen,50,0.01,0.01,1,probe_timeout=750ms,100,0,4,4,0.0400,0.1969,29.96,1.36,9.092,8.798,16.382,16.675,0,808.0,735.1,72.8
screen,50,0.01,0.01,1,suspicion_mult=2,100,0,21,18,0.2100,0.4777,30.40,1.12,5.396,5.207,8.594,8.634,0,796.6,723.7,73.0
screen,50,0.01,0.01,1,suspicion_mult=3,100,0,0,0,0.0000,0.0000,30.33,1.15,7.076,6.904,10.293,10.309,0,804.2,731.2,73.0
screen,50,0.01,0.01,1,suspicion_mult=5,100,0,0,0,0.0000,0.0000,30.35,1.24,10.477,10.303,13.691,13.768,0,812.7,739.7,73.0
screen,50,0.01,0.01,1,suspicion_max_mult=4,100,0,0,0,0.0000,0.0000,30.39,1.24,8.775,8.605,11.992,12.086,0,807.0,734.1,73.0
screen,50,0.01,0.01,1,suspicion_max_mult=8,100,0,0,0,0.0000,0.0000,30.39,1.24,8.775,8.605,11.992,12.086,0,807.0,734.1,73.0
screen,50,0.01,0.01,1,expected_confirmations=2,100,0,0,0,0.0000,0.0000,30.39,1.24,8.775,8.605,11.992,12.086,0,807.0,734.1,73.0
screen,50,0.01,0.01,1,expected_confirmations=5,100,0,0,0,0.0000,0.0000,30.39,1.24,8.775,8.605,11.992,12.086,0,807.0,734.1,73.0
screen,50,0.01,0.01,1,gossip_interval=100ms,100,0,0,0,0.0000,0.0000,30.81,1.28,8.812,8.459,13.830,13.959,0,1005.1,932.1,73.0
screen,50,0.01,0.01,1,gossip_interval=400ms,100,0,0,0,0.0000,0.0000,29.17,1.25,9.016,8.757,12.522,13.095,0,610.3,537.4,72.9
screen,50,0.01,0.01,1,gossip_nodes=2,100,0,0,0,0.0000,0.0000,29.81,1.20,8.820,8.557,11.922,12.026,0,686.2,613.2,73.0
screen,50,0.01,0.01,1,gossip_nodes=5,100,0,0,0,0.0000,0.0000,30.66,1.36,8.928,8.560,12.590,12.803,0,938.0,865.0,73.0
screen,50,0.01,0.01,1,retransmit_mult=2,100,1,43,38,0.4400,0.6084,30.40,1.26,8.804,8.665,12.018,12.140,0,597.8,524.8,73.0
screen,50,0.01,0.01,1,retransmit_mult=6,100,0,0,0,0.0000,0.0000,30.16,1.18,8.941,8.615,13.880,14.051,0,921.2,848.3,73.0
screen,50,0.03,0.01,1,lan,100,0,0,0,0.0000,0.0000,30.30,1.28,8.897,8.629,13.049,13.264,0,836.4,758.5,77.8
screen,50,0.03,0.01,1,probe_interval=500ms probe_timeout=250ms,100,2,12,14,0.1400,0.3487,39.93,1.27,4.549,4.400,7.319,7.489,0,1214.5,1127.4,87.1
screen,50,0.03,0.01,1,probe_interval=750ms probe_timeout=375ms,100,0,4,4,0.0400,0.1969,34.12,1.09,6.682,6.461,9.731,9.924,0,974.5,893.7,80.8
screen,50,0.03,0.01,1,probe_interval=1500ms probe_timeout=750ms,100,0,0,0,0.0000,0.0000,22.76,1.42,13.076,12.968,17.545,17.790,0,638.4,563.6,74.7
screen,50,0.03,0.01,1,probe_timeout=250ms,100,0,0,0,0.0000,0.0000,30.40,1.18,8.939,8.671,13.126,13.161,0,835.3,757.2,78.2
screen,50,0.03,0.01,1,probe_timeout=750ms,100,0,0,0,0.0000,0.0000,30.49,1.46,8.702,8.460,12.536,12.559,0,839.0,761.3,77.7
screen,50,0.03,0.01,1,suspicion_mult=2,100,0,28,24,0.2800,0.5333,30.37,1.34,5.495,5.248,9.651,10.008,0,823.8,746.0,77.8
screen,50,0.03,0.01,1,suspicion_mult=3,100,0,8,8,0.0800,0.2727,30.38,1.23,7.242,6.948,11.350,11.712,0,829.1,751.3,77.8
screen,50,0.03,0.01,1,suspicion_mult=5,100,0,0,0,0.0000,0.0000,30.42,1.43,10.595,10.312,14.748,15.135,0,841.8,763.9,77.8
screen,50,0.03,0.01,1,suspicion_max_mult=4,100,0,0,0,0.0000,0.0000,30.30,1.28,8.897,8.629,13.049,13.264,0,836.4,758.5,77.8
screen,50,0.03,0.01,1,suspicion_max_mult=8,100,0,0,0,0.0000,0.0000,30.30,1.28,8.897,8.629,13.049,13.264,0,836.4,758.5,77.8
screen,50,0.03,0.01,1,expected_confirmations=2,100,0,0,0,0.0000,0.0000,30.30,1.28,8.897,8.629,13.049,13.264,0,836.4,758.5,77.8
screen,50,0.03,0.01,1,expected_confirmations=5,100,0,0,0,0.0000,0.0000,30.30,1.28,8.897,8.629,13.049,13.264,0,836.4,758.5,77.8
screen,50,0.03,0.01,1,gossip_interval=100ms,100,0,1,1,0.0100,0.1000,30.95,1.55,8.763,8.604,12.188,12.190,0,1033.3,955.6,77.8
screen,50,0.03,0.01,1,gossip_interval=400ms,100,0,3,3,0.0300,0.1714,29.28,1.05,8.866,8.726,11.279,11.582,0,640.1,562.2,77.8
screen,50,0.03,0.01,1,gossip_nodes=2,100,1,2,3,0.0300,0.1714,29.79,1.12,8.823,8.628,14.082,14.438,0,715.3,637.5,77.8
screen,50,0.03,0.01,1,gossip_nodes=5,100,0,2,2,0.0200,0.1407,30.57,1.16,8.861,8.694,12.076,12.077,0,965.6,887.7,77.9
screen,50,0.03,0.01,1,retransmit_mult=2,100,1,45,38,0.4600,0.6423,30.33,1.17,8.693,8.493,11.958,12.018,0,624.3,546.4,77.9
screen,50,0.03,0.01,1,retransmit_mult=6,100,0,0,0,0.0000,0.0000,30.15,1.42,8.776,8.541,12.862,13.098,0,951.0,873.2,77.8
screen,50,0.05,0.01,1,lan,100,0,2,2,0.0200,0.1407,30.54,1.25,8.816,8.560,12.193,12.402,0,864.7,782.1,82.6
screen,50,0.05,0.01,1,probe_interval=500ms probe_timeout=250ms,100,0,20,17,0.2000,0.4714,40.81,1.54,4.509,4.407,7.918,8.084,0,1270.6,1173.8,96.8
screen,50,0.05,0.01,1,probe_interval=750ms probe_timeout=375ms,100,0,1,1,0.0100,0.1000,34.13,1.19,6.729,6.617,10.211,10.222,0,1012.4,925.3,87.1
screen,50,0.05,0.01,1,probe_interval=1500ms probe_timeout=750ms,100,0,0,0,0.0000,0.0000,22.82,1.40,13.016,12.752,19.723,19.799,0,658.7,580.8,77.9
screen,50,0.05,0.01,1,probe_timeout=250ms,100,0,3,3,0.0300,0.1714,30.41,1.03,8.773,8.642,11.709,11.926,0,865.4,782.5,83.0
screen,50,0.05,0.01,1,probe_timeout=750ms,100,0,0,0,0.0000,0.0000,30.98,1.58,8.779,8.396,13.082,13.313,0,870.5,788.1,82.4
screen,50,0.05,0.01,1,suspicion_mult=2,100,1,49,36,0.5000,0.7588,30.53,1.21,5.467,5.286,8.795,9.088,0,853.2,770.6,82.6
screen,50,0.05,0.01,1,suspicion_mult=3,100,0,5,5,0.0500,0.2190,30.29,1.17,7.143,6.857,10.494,10.595,0,854.6,772.0,82.6
screen,50,0.05,0.01,1,suspicion_mult=5,100,0,1,1,0.0100,0.1000,30.25,1.24,10.511,10.259,13.892,14.083,0,865.7,783.1,82.6
screen,50,0.05,0.01,1,suspicion_max_mult=4,100,1,2,3,0.0300,0.1714,30.54,1.25,8.816,8.560,12.193,12.402,0,864.7,782.1,82.6
screen,50,0.05,0.01,1,suspicion_max_mult=8,100,0,2,2,0.0200,0.1407,30.54,1.25,8.816,8.560,12.193,12.402,0,864.7,782.1,82.6
screen,50,0.05,0.01,1,expected_confirmations=2,100,0,2,2,0.0200,0.1407,30.54,1.25,8.816,8.560,12.193,12.402,0,864.7,782.1,82.6
screen,50,0.05,0.01,1,expected_confirmations=5,100,0,2,2,0.0200,0.1407,30.54,1.25,8.816,8.560,12.193,12.402,0,864.7,782.1,82.6
screen,50,0.05,0.01,1,gossip_interval=100ms,100,0,1,1,0.0100,0.1000,30.97,1.34,8.803,8.653,11.583,11.645,0,1059.0,976.3,82.6
screen,50,0.05,0.01,1,gossip_interval=400ms,100,0,3,3,0.0300,0.1714,29.53,1.04,8.925,8.606,11.450,11.743,0,670.1,587.6,82.5
screen,50,0.05,0.01,1,gossip_nodes=2,100,0,2,2,0.0200,0.1407,29.80,1.04,8.722,8.533,13.860,14.106,0,742.4,659.8,82.7
screen,50,0.05,0.01,1,gossip_nodes=5,100,0,3,3,0.0300,0.1714,30.79,1.29,8.959,8.537,13.168,13.350,0,991.2,908.5,82.6
screen,50,0.05,0.01,1,retransmit_mult=2,100,2,55,43,0.5700,0.7420,30.29,1.16,8.802,8.552,12.032,12.163,0,648.9,566.4,82.5
screen,50,0.05,0.01,1,retransmit_mult=6,100,0,0,0,0.0000,0.0000,30.20,1.22,8.915,8.590,13.453,13.589,0,975.9,893.3,82.7
screen,50,0,0.05,3,lan,100,0,4,4,0.0400,0.1969,84.64,1.85,8.837,8.567,12.438,12.747,0,1280.2,1206.6,73.5
screen,50,0,0.05,3,probe_interval=500ms probe_timeout=250ms,100,1,105,68,1.0600,0.9516,108.05,1.64,4.538,4.371,6.075,6.323,0,1672.3,1593.2,79.1
screen,50,0,0.05,3,probe_interval=750ms probe_timeout=375ms,100,1,6,7,0.0700,0.2564,94.66,1.78,6.746,6.565,11.051,11.312,0,1421.3,1346.4,74.9
screen,50,0,0.05,3,probe_interval=1500ms probe_timeout=750ms,100,0,0,0,0.0000,0.0000,68.27,2.00,13.263,12.689,20.735,21.094,0,1087.5,1015.7,71.8
screen,50,0,0.05,3,probe_timeout=250ms,100,0,4,4,0.0400,0.1969,84.84,2.00,8.907,8.685,11.996,12.243,0,1286.3,1211.9,74.4
screen,50,0,0.05,3,probe_timeout=750ms,100,0,9,8,0.0900,0.3208,84.29,1.97,9.035,8.748,12.872,13.178,0,1279.0,1205.8,73.2
screen,50,0,0.05,3,suspicion_mult=2,100,1,197,88,1.9800,1.4141,84.34,2.02,5.459,5.185,7.998,8.255,0,1273.3,1199.7,73.6
screen,50,0,0.05,3,suspicion_mult=3,100,1,15,16,0.1600,0.3685,84.61,1.93,7.133,6.855,10.739,11.048,0,1277.2,1203.7,73.6
screen,50,0,0.05,3,suspicion_mult=5,100,0,0,0,0.0000,0.0000,84.74,1.89,10.584,10.322,14.211,14.413,0,1284.2,1210.6,73.6
screen,50,0,0.05,3,suspicion_max_mult=4,100,1,4,5,0.0500,0.2190,84.64,1.85,8.837,8.567,12.438,12.747,0,1280.2,1206.6,73.5
screen,50,0,0.05,3,suspicion_max_mult=8,100,0,4,4,0.0400,0.1969,84.64,1.85,8.837,8.567,12.438,12.747,0,1280.2,1206.6,73.5
screen,50,0,0.05,3,expected_confirmations=2,100,1,4,5,0.0500,0.2190,84.63,1.86,8.837,8.567,12.438,12.747,0,1280.0,1206.4,73.5
screen,50,0,0.05,3,expected_confirmations=5,100,0,4,4,0.0400,0.1969,84.64,1.85,8.837,8.567,12.438,12.747,0,1280.2,1206.6,73.5
screen,50,0,0.05,3,gossip_interval=100ms,100,0,1,1,0.0100,0.1000,87.25,2.09,8.867,8.552,12.837,12.868,0,1805.2,1731.6,73.5
screen,50,0,0.05,3,gossip_interval=400ms,100,1,3,4,0.0400,0.1969,80.14,1.74,9.000,8.686,12.572,12.966,0,879.4,805.8,73.5
screen,50,0,0.05,3,gossip_nodes=2,100,0,7,7,0.0700,0.2564,82.54,2.00,9.014,8.739,13.089,13.529,0,1032.8,959.2,73.6
screen,50,0,0.05,3,gossip_nodes=5,100,0,2,2,0.0200,0.1407,86.40,1.82,8.857,8.581,12.530,12.669,0,1613.2,1539.6,73.6
screen,50,0,0.05,3,retransmit_mult=2,100,5,150,85,1.5500,1.2092,85.91,2.07,8.858,8.527,11.938,12.163,0,977.6,904.0,73.6
screen,50,0,0.05,3,retransmit_mult=6,100,0,0,0,0.0000,0.0000,83.74,1.96,8.972,8.618,15.073,15.421,0,1424.0,1350.4,73.5
screen,50,0.01,0.05,3,lan,100,0,6,5,0.0600,0.2778,84.24,1.99,9.014,8.621,14.486,14.822,0,1290.2,1214.4,75.8
screen,50,0.01,0.05,3,probe_interval=500ms probe_timeout=250ms,100,1,128,75,1.2900,1.0180,108.92,2.01,4.493,4.338,6.052,6.319,0,1702.8,1619.2,83.7
screen,50,0.01,0.05,3,probe_interval=750ms probe_timeout=375ms,100,0,10,10,0.1000,0.3015,94.62,1.62,6.669,6.407,9.380,9.716,0,1440.3,1362.4,77.8
screen,50,0.01,0.05,3,probe_interval=1500ms probe_timeout=750ms,100,0,1,1,0.0100,0.1000,67.91,1.93,13.194,12.615,19.235,19.501,0,1095.3,1022.0,73.3
screen,50,0.01,0.05,3,probe_timeout=250ms,100,0,2,2,0.0200,0.1407,84.64,2.15,8.882,8.627,13.477,13.664,0,1298.4,1221.8,76.6
screen,50,0.01,0.05,3,probe_timeout=750ms,100,1,9,10,0.1000,0.3015,84.70,2.11,9.068,8.806,12.266,12.449,0,1291.2,1215.8,75.4
screen,50,0.01,0.05,3,suspicion_mult=2,100,2,208,85,2.1000,1.6049,84.22,1.92,5.627,5.283,11.089,11.420,0,1284.2,1208.4,75.8
screen,50,0.01,0.05,3,suspicion_mult=3,100,1,26,23,0.2700,0.5478,84.40,1.99,7.306,6.928,12.787,13.108,0,1287.1,1211.3,75.8
screen,50,0.01,0.05,3,suspicion_mult=5,100,0,0,0,0.0000,0.0000,84.13,1.86,10.711,10.296,16.185,16.491,0,1292.1,1216.3,75.8
screen,50,0.01,0.05,3,suspicion_max_mult=4,100,1,6,6,0.0700,0.2932,84.23,1.99,8.978,8.616,14.486,14.822,0,1290.0,1214.2,75.8
screen,50,0.01,0.05,3,suspicion_max_mult=8,100,0,6,5,0.0600,0.2778,84.24,1.99,9.014,8.621,14.486,14.822,0,1290.2,1214.4,75.8
screen,50,0.01,0.05,3,expected_confirmations=2,100,0,6,5,0.0600,0.2778,84.24,1.99,9.014,8.621,14.486,14.822,0,1290.2,1214.4,75.8
screen,50,0.01,0.05,3,expected_confirmations=5,100,0,6,5,0.0600,0.2778,84.24,1.99,9.014,8.621,14.486,14.822,0,1290.2,1214.4,75.8
screen,50,0.01,0.05,3,gossip_interval=100ms,100,0,2,2,0.0200,0.1407,87.37,2.24,8.990,8.649,12.811,12.941,0,1810.8,1735.0,75.8
screen,50,0.01,0.05,3,gossip_interval=400ms,100,0,10,9,0.1000,0.3333,79.98,1.89,8.983,8.667,14.050,14.883,0,893.6,817.7,75.8
screen,50,0.01,0.05,3,gossip_nodes=2,100,0,4,4,0.0400,0.1969,82.31,1.88,9.144,8.816,12.749,13.025,0,1045.0,969.2,75.8
screen,50,0.01,0.05,3,gossip_nodes=5,100,0,2,2,0.0200,0.1407,86.40,2.42,9.131,8.647,12.453,12.690,0,1623.3,1547.5,75.8
screen,50,0.01,0.05,3,retransmit_mult=2,100,6,133,76,1.3900,1.1538,85.91,1.99,8.847,8.640,12.021,12.315,0,988.9,913.1,75.8
screen,50,0.01,0.05,3,retransmit_mult=6,100,0,0,0,0.0000,0.0000,83.45,1.92,8.997,8.803,13.023,13.275,0,1436.1,1360.3,75.8
screen,50,0.03,0.05,3,lan,100,0,4,4,0.0400,0.1969,84.00,1.96,8.924,8.576,13.536,13.880,0,1315.0,1235.0,80.1
screen,50,0.03,0.05,3,probe_interval=500ms probe_timeout=250ms,100,3,152,78,1.5500,1.3734,111.48,2.32,4.537,4.381,6.270,6.538,0,1761.6,1669.3,92.3
screen,50,0.03,0.05,3,probe_interval=750ms probe_timeout=375ms,100,1,17,16,0.1800,0.4353,94.84,2.01,6.565,6.365,9.262,9.479,0,1478.1,1394.3,83.7
screen,50,0.03,0.05,3,probe_interval=1500ms probe_timeout=750ms,100,0,2,2,0.0200,0.1407,67.84,2.36,13.310,12.878,19.235,19.694,0,1108.7,1032.6,76.2
screen,50,0.03,0.05,3,probe_timeout=250ms,100,0,9,9,0.0900,0.2876,84.04,2.01,8.871,8.664,11.646,11.871,0,1320.8,1239.8,81.1
screen,50,0.03,0.05,3,probe_timeout=750ms,100,0,3,3,0.0300,0.1714,86.27,2.44,8.994,8.625,12.739,12.956,0,1319.9,1240.2,79.8
screen,50,0.03,0.05,3,suspicion_mult=2,100,1,246,92,2.4700,1.3814,84.11,1.94,5.639,5.268,10.300,10.714,0,1310.4,1230.2,80.1
screen,50,0.03,0.05,3,suspicion_mult=3,100,0,23,22,0.2300,0.4462,84.17,1.75,7.251,6.882,11.837,12.135,0,1314.7,1234.6,80.1
screen,50,0.03,0.05,3,suspicion_mult=5,100,0,1,1,0.0100,0.1000,84.10,1.99,10.617,10.266,15.235,15.582,0,1318.7,1238.6,80.1
screen,50,0.03,0.05,3,suspicion_max_mult=4,100,0,4,4,0.0400,0.1969,84.00,1.96,8.924,8.576,13.536,13.880,0,1315.0,1235.0,80.1
screen,50,0.03,0.05,3,suspicion_max_mult=8,100,0,4,4,0.0400,0.1969,84.00,1.96,8.924,8.576,13.536,13.880,0,1315.0,1235.0,80.1
screen,50,0.03,0.05,3,expected_confirmations=2,100,0,5,5,0.0500,0.2190,84.01,1.97,8.924,8.576,13.536,13.880,0,1315.3,1235.2,80.1
screen,50,0.03,0.05,3,expected_confirmations=5,100,0,3,3,0.0300,0.1714,84.03,1.99,8.924,8.576,13.536,13.880,0,1315.3,1235.2,80.1
screen,50,0.03,0.05,3,gossip_interval=100ms,100,0,1,1,0.0100,0.1000,87.42,2.27,8.781,8.539,11.606,11.761,0,1836.7,1756.5,80.2
screen,50,0.03,0.05,3,gossip_interval=400ms,100,1,5,5,0.0600,0.2778,79.83,1.82,9.327,9.003,15.963,16.275,0,920.2,840.2,80.0
screen,50,0.03,0.05,3,gossip_nodes=2,100,0,7,6,0.0700,0.2932,81.81,2.12,9.087,8.781,14.590,14.958,0,1070.6,990.5,80.1
screen,50,0.03,0.05,3,gossip_nodes=5,100,0,2,2,0.0200,0.1407,86.32,1.84,8.805,8.541,12.090,12.237,0,1646.1,1565.9,80.2
screen,50,0.03,0.05,3,retransmit_mult=2,100,14,184,88,1.9800,1.5953,85.84,2.10,9.026,8.804,12.502,12.588,0,1009.0,928.8,80.2
screen,50,0.03,0.05,3,retransmit_mult=6,100,0,0,0,0.0000,0.0000,83.83,2.00,8.917,8.742,12.149,12.432,0,1466.3,1386.1,80.2
screen,50,0.05,0.05,3,lan,100,0,4,4,0.0400,0.1969,83.87,2.02,8.882,8.600,13.409,13.626,0,1339.3,1255.0,84.3
screen,50,0.05,0.05,3,probe_interval=500ms probe_timeout=250ms,100,9,214,92,2.2300,1.4345,113.34,2.71,4.516,4.380,6.528,6.635,0,1815.1,1714.3,100.8
screen,50,0.05,0.05,3,probe_interval=750ms probe_timeout=375ms,100,0,20,19,0.2000,0.4264,94.26,2.02,6.682,6.470,8.557,8.722,0,1508.5,1419.0,89.4
screen,50,0.05,0.05,3,probe_interval=1500ms probe_timeout=750ms,100,0,0,0,0.0000,0.0000,67.45,2.01,13.326,12.980,18.180,18.552,0,1123.1,1044.1,79.0
screen,50,0.05,0.05,3,probe_timeout=250ms,100,0,3,3,0.0300,0.1714,83.86,1.84,8.862,8.745,11.212,11.391,0,1344.2,1259.1,85.1
screen,50,0.05,0.05,3,probe_timeout=750ms,100,1,7,7,0.0800,0.3075,86.99,2.52,8.811,8.499,12.121,12.694,0,1347.8,1263.8,84.0
screen,50,0.05,0.05,3,suspicion_mult=2,100,1,290,94,2.9100,1.7586,83.83,2.11,5.381,5.082,9.182,9.524,0,1334.8,1250.5,84.4
screen,50,0.05,0.05,3,suspicion_mult=3,100,0,44,33,0.4400,0.7429,83.67,2.02,7.187,6.931,11.922,12.272,0,1336.1,1251.6,84.4
screen,50,0.05,0.05,3,suspicion_mult=5,100,0,1,1,0.0100,0.1000,83.75,2.11,10.581,10.303,15.108,15.377,0,1341.0,1256.7,84.3
screen,50,0.05,0.05,3,suspicion_max_mult=4,100,0,4,4,0.0400,0.1969,83.87,2.02,8.882,8.600,13.409,13.626,0,1339.3,1255.0,84.3
screen,50,0.05,0.05,3,suspicion_max_mult=8,100,0,4,4,0.0400,0.1969,83.87,2.02,8.882,8.600,13.409,13.626,0,1339.3,1255.0,84.3
screen,50,0.05,0.05,3,expected_confirmations=2,100,0,4,4,0.0400,0.1969,83.87,2.02,8.882,8.600,13.409,13.626,0,1339.3,1255.0,84.3
screen,50,0.05,0.05,3,expected_confirmations=5,100,0,4,4,0.0400,0.1969,83.87,2.02,8.882,8.600,13.409,13.626,0,1339.3,1255.0,84.3
screen,50,0.05,0.05,3,gossip_interval=100ms,100,0,2,2,0.0200,0.1407,87.29,1.99,8.881,8.741,13.179,13.314,0,1850.3,1765.9,84.4
screen,50,0.05,0.05,3,gossip_interval=400ms,100,0,8,8,0.0800,0.2727,79.79,1.90,9.031,8.673,11.757,12.196,0,948.0,863.6,84.3
screen,50,0.05,0.05,3,gossip_nodes=2,100,2,8,10,0.1000,0.3015,81.69,2.03,9.028,8.722,12.359,12.617,0,1096.6,1012.3,84.4
screen,50,0.05,0.05,3,gossip_nodes=5,100,0,8,8,0.0800,0.2727,86.00,1.98,8.694,8.430,11.784,11.852,0,1661.1,1576.8,84.4
screen,50,0.05,0.05,3,retransmit_mult=2,100,11,182,86,1.9300,1.3652,85.66,2.23,8.869,8.475,12.461,12.661,0,1028.6,944.1,84.5
screen,50,0.05,0.05,3,retransmit_mult=6,100,0,0,0,0.0000,0.0000,83.60,1.93,8.966,8.629,12.454,12.878,0,1491.9,1407.5,84.4
screen,50,0,0.1,5,lan,100,0,5,5,0.0500,0.2190,135.95,2.93,9.307,8.704,14.256,14.588,0,1558.4,1482.2,76.2
screen,50,0,0.1,5,probe_interval=500ms probe_timeout=250ms,100,5,329,97,3.3400,1.7246,175.66,2.03,4.504,4.414,5.888,6.121,0,2077.8,1992.7,85.2
screen,50,0,0.1,5,probe_interval=750ms probe_timeout=375ms,100,0,25,21,0.2500,0.5198,153.16,2.51,6.799,6.601,9.839,10.003,0,1742.0,1663.5,78.4
screen,50,0,0.1,5,probe_interval=1500ms probe_timeout=750ms,100,0,3,3,0.0300,0.1714,109.95,2.53,13.319,12.889,18.978,19.026,0,1328.4,1254.9,73.5
screen,50,0,0.1,5,probe_timeout=250ms,100,0,10,10,0.1000,0.3015,136.34,2.72,8.969,8.797,11.402,11.569,0,1570.7,1493.0,77.7
screen,50,0,0.1,5,probe_timeout=750ms,100,0,9,8,0.0900,0.3208,135.88,2.85,9.103,8.668,15.618,15.886,0,1555.9,1480.2,75.7
screen,50,0,0.1,5,suspicion_mult=2,100,2,473,100,4.7500,1.9765,135.59,2.78,5.737,5.215,10.115,10.386,0,1552.5,1476.2,76.2
screen,50,0,0.1,5,suspicion_mult=3,100,0,47,38,0.4700,0.6735,135.82,2.82,7.560,6.979,12.557,13.055,0,1554.9,1478.7,76.2
screen,50,0,0.1,5,suspicion_mult=5,100,0,0,0,0.0000,0.0000,135.73,2.73,11.023,10.493,15.954,16.250,0,1557.6,1481.4,76.2
screen,50,0,0.1,5,suspicion_max_mult=4,100,0,5,5,0.0500,0.2190,135.95,2.93,9.307,8.704,14.256,14.588,0,1558.4,1482.2,76.2
screen,50,0,0.1,5,suspicion_max_mult=8,100,0,5,5,0.0500,0.2190,135.95,2.93,9.307,8.704,14.256,14.588,0,1558.4,1482.2,76.2
screen,50,0,0.1,5,expected_confirmations=2,100,0,5,5,0.0500,0.2190,135.95,2.93,9.307,8.704,14.256,14.588,0,1558.4,1482.2,76.2
screen,50,0,0.1,5,expected_confirmations=5,100,0,3,3,0.0300,0.1714,135.95,2.93,9.322,8.740,14.256,14.588,0,1558.4,1482.2,76.2
screen,50,0,0.1,5,gossip_interval=100ms,100,0,3,3,0.0300,0.1714,140.48,2.67,8.946,8.620,13.270,13.375,0,2237.7,2161.5,76.3
screen,50,0,0.1,5,gossip_interval=400ms,100,0,9,8,0.0900,0.3208,129.07,2.36,9.033,8.817,12.342,12.885,0,1083.6,1007.4,76.2
screen,50,0,0.1,5,gossip_nodes=2,100,1,7,7,0.0800,0.3075,132.48,2.85,9.172,8.826,13.398,13.836,0,1261.6,1185.4,76.2
screen,50,0,0.1,5,gossip_nodes=5,100,1,5,6,0.0600,0.2387,138.97,3.00,9.063,8.831,13.408,13.611,0,1974.3,1898.1,76.2
screen,50,0,0.1,5,retransmit_mult=2,100,13,344,97,3.5700,1.8600,137.31,2.47,9.051,8.798,13.482,13.678,0,1186.5,1110.2,76.3
screen,50,0,0.1,5,retransmit_mult=6,100,0,0,0,0.0000,0.0000,135.28,2.55,9.125,8.744,13.163,13.515,0,1754.5,1678.4,76.2
screen,50,0.01,0.1,5,lan,100,0,8,8,0.0800,0.2727,135.28,2.84,8.945,8.667,12.275,12.444,0,1567.7,1489.5,78.2
screen,50,0.01,0.1,5,probe_interval=500ms probe_timeout=250ms,100,8,398,99,4.0600,1.9839,178.07,2.75,4.620,4.426,6.907,7.173,0,2107.4,2018.2,89.2
screen,50,0.01,0.1,5,probe_interval=750ms probe_timeout=375ms,100,0,27,23,0.2700,0.5478,153.03,2.39,6.821,6.610,9.471,9.724,0,1758.5,1677.4,81.2
screen,50,0.01,0.1,5,probe_interval=1500ms probe_timeout=750ms,100,0,1,1,0.0100,0.1000,109.54,2.55,13.358,13.071,17.276,17.709,0,1332.3,1257.4,74.9
screen,50,0.01,0.1,5,probe_timeout=250ms,100,0,10,9,0.1000,0.3333,135.82,3.10,9.036,8.743,11.867,12.200,0,1580.7,1501.0,79.7
screen,50,0.01,0.1,5,probe_timeout=750ms,100,0,12,11,0.1200,0.3562,136.32,2.69,9.136,8.821,14.694,15.017,0,1568.3,1490.6,77.7
screen,50,0.01,0.1,5,suspicion_mult=2,100,3,503,100,5.0600,2.2510,135.10,2.98,5.763,5.394,10.185,10.441,0,1560.9,1482.7,78.2
screen,50,0.01,0.1,5,suspicion_mult=3,100,0,47,39,0.4700,0.6428,135.43,2.75,7.273,6.987,10.548,10.656,0,1565.7,1487.5,78.2
screen,50,0.01,0.1,5,suspicion_mult=5,100,0,2,2,0.0200,0.1407,135.52,2.55,10.693,10.374,15.139,15.552,0,1569.7,1491.5,78.2
screen,50,0.01,0.1,5,suspicion_max_mult=4,100,0,8,8,0.0800,0.2727,135.28,2.84,8.945,8.667,12.275,12.444,0,1567.7,1489.5,78.2
screen,50,0.01,0.1,5,suspicion_max_mult=8,100,0,8,8,0.0800,0.2727,135.28,2.84,8.945,8.667,12.275,12.444,0,1567.7,1489.5,78.2
screen,50,0.01,0.1,5,expected_confirmations=2,100,0,10,10,0.1000,0.3015,135.29,2.82,8.945,8.667,12.275,12.444,0,1567.8,1489.6,78.2
screen,50,0.01,0.1,5,expected_confirmations=5,100,0,5,5,0.0500,0.2190,135.27,2.85,8.945,8.667,12.275,12.444,0,1567.7,1489.4,78.2
screen,50,0.01,0.1,5,gossip_interval=100ms,100,0,10,9,0.1000,0.3333,140.46,2.47,9.044,8.762,12.622,12.644,0,2243.1,2164.9,78.2
screen,50,0.01,0.1,5,gossip_interval=400ms,100,1,11,10,0.1200,0.3835,128.57,2.47,9.014,8.715,11.904,12.150,0,1096.4,1018.2,78.2
screen,50,0.01,0.1,5,gossip_nodes=2,100,1,7,8,0.0800,0.2727,132.42,3.04,9.237,8.996,13.603,13.921,0,1274.5,1196.3,78.2
screen,50,0.01,0.1,5,gossip_nodes=5,100,2,6,7,0.0800,0.3075,138.88,2.38,9.043,8.688,15.208,15.429,0,1982.6,1904.4,78.2
screen,50,0.01,0.1,5,retransmit_mult=2,100,8,326,96,3.3400,1.6528,137.20,3.03,8.922,8.602,14.669,15.171,0,1196.3,1118.0,78.3
screen,50,0.01,0.1,5,retransmit_mult=6,100,0,0,0,0.0000,0.0000,135.36,2.59,9.079,8.738,12.101,12.415,0,1768.8,1690.6,78.2
screen,50,0.03,0.1,5,lan,100,1,7,8,0.0800,0.2727,134.67,3.05,9.109,8.810,14.142,14.540,0,1584.0,1502.1,82.0
screen,50,0.03,0.1,5,probe_interval=500ms probe_timeout=250ms,100,5,441,99,4.4600,2.0958,182.18,3.33,4.597,4.409,7.450,7.780,0,2159.6,2062.8,96.8
screen,50,0.03,0.1,5,probe_interval=750ms probe_timeout=375ms,100,0,36,29,0.3600,0.6117,152.75,2.65,6.801,6.527,9.201,9.328,0,1787.8,1701.5,86.3
screen,50,0.03,0.1,5,probe_interval=1500ms probe_timeout=750ms,100,0,1,1,0.0100,0.1000,108.62,2.53,13.126,12.608,18.978,19.431,0,1341.6,1264.1,77.5
screen,50,0.03,0.1,5,probe_timeout=250ms,100,1,13,12,0.1400,0.4025,135.13,2.30,9.175,8.773,15.972,16.063,0,1598.2,1514.7,83.5
screen,50,0.03,0.1,5,probe_timeout=750ms,100,1,13,13,0.1400,0.3766,137.70,3.50,8.951,8.723,11.349,11.627,0,1589.2,1507.6,81.5
screen,50,0.03,0.1,5,suspicion_mult=2,100,0,586,100,5.8600,2.2248,134.85,2.90,5.800,5.473,9.975,10.165,0,1582.3,1500.3,82.1
screen,50,0.03,0.1,5,suspicion_mult=3,100,1,38,33,0.3900,0.6178,134.74,2.94,7.456,7.105,12.443,12.800,0,1583.7,1501.7,82.0
screen,50,0.03,0.1,5,suspicion_mult=5,100,1,2,3,0.0300,0.1714,134.64,3.07,10.784,10.450,15.841,16.242,0,1587.4,1505.5,81.9
screen,50,0.03,0.1,5,suspicion_max_mult=4,100,1,7,8,0.0800,0.2727,134.67,3.05,9.109,8.810,14.142,14.540,0,1584.0,1502.1,82.0
screen,50,0.03,0.1,5,suspicion_max_mult=8,100,1,7,8,0.0800,0.2727,134.67,3.05,9.109,8.810,14.142,14.540,0,1584.0,1502.1,82.0
screen,50,0.03,0.1,5,expected_confirmations=2,100,1,9,10,0.1000,0.3015,134.71,3.00,9.109,8.810,14.142,14.540,0,1584.1,1502.2,82.0
screen,50,0.03,0.1,5,expected_confirmations=5,100,1,6,7,0.0700,0.2564,134.67,3.06,9.110,8.824,14.142,14.540,0,1584.2,1502.3,82.0
screen,50,0.03,0.1,5,gossip_interval=100ms,100,0,10,9,0.1000,0.3333,140.26,2.80,8.922,8.568,13.227,13.386,0,2259.8,2177.7,82.1
screen,50,0.03,0.1,5,gossip_interval=400ms,100,1,3,4,0.0400,0.1969,128.28,2.58,9.202,8.853,12.766,13.024,0,1118.8,1036.8,82.1
screen,50,0.03,0.1,5,gossip_nodes=2,100,2,15,17,0.1700,0.3775,132.05,2.67,9.017,8.706,12.777,13.032,0,1296.4,1214.3,82.0
screen,50,0.03,0.1,5,gossip_nodes=5,100,0,6,6,0.0600,0.2387,138.24,3.11,8.799,8.491,11.355,11.517,0,1996.4,1914.4,82.1
screen,50,0.03,0.1,5,retransmit_mult=2,100,22,402,99,4.2400,2.1135,136.38,2.71,9.062,8.865,13.788,14.973,0,1208.9,1126.6,82.3
screen,50,0.03,0.1,5,retransmit_mult=6,100,0,0,0,0.0000,0.0000,134.66,2.75,8.876,8.507,15.194,15.511,0,1786.9,1704.8,82.0
screen,50,0.05,0.1,5,lan,100,0,18,17,0.1800,0.4115,134.62,2.81,9.264,8.940,15.232,15.511,0,1602.5,1516.8,85.7
screen,50,0.05,0.1,5,probe_interval=500ms probe_timeout=250ms,100,7,565,100,5.7200,2.5429,184.85,3.46,4.659,4.450,6.898,7.140,0,2202.2,2098.1,104.1
screen,50,0.05,0.1,5,probe_interval=750ms probe_timeout=375ms,100,1,38,36,0.3900,0.5486,152.46,2.96,6.940,6.646,10.083,10.307,0,1808.5,1717.3,91.2
screen,50,0.05,0.1,5,probe_interval=1500ms probe_timeout=750ms,100,0,8,7,0.0800,0.3075,107.80,2.80,13.565,13.259,18.770,19.012,0,1353.1,1273.0,80.0
screen,50,0.05,0.1,5,probe_timeout=250ms,100,2,15,16,0.1700,0.4034,134.24,2.89,9.227,8.708,17.817,18.123,0,1612.5,1525.3,87.2
screen,50,0.05,0.1,5,probe_timeout=750ms,100,0,19,17,0.1900,0.4648,138.58,3.36,9.087,8.850,12.908,13.267,0,1610.6,1525.3,85.3
screen,50,0.05,0.1,5,suspicion_mult=2,100,2,695,100,6.9700,2.4140,134.86,2.87,5.777,5.475,10.858,11.122,0,1600.9,1515.0,85.9
screen,50,0.05,0.1,5,suspicion_mult=3,100,1,85,60,0.8600,0.8764,134.48,2.62,7.429,7.184,14.931,15.200,0,1601.1,1515.3,85.8
screen,50,0.05,0.1,5,suspicion_mult=5,100,0,3,3,0.0300,0.1714,134.87,2.68,10.953,10.612,16.931,17.289,0,1606.5,1520.8,85.8
screen,50,0.05,0.1,5,suspicion_max_mult=4,100,1,18,18,0.1900,0.4191,134.62,2.81,9.264,8.940,15.232,15.511,0,1602.5,1516.8,85.7
screen,50,0.05,0.1,5,suspicion_max_mult=8,100,0,18,17,0.1800,0.4115,134.62,2.81,9.264,8.940,15.232,15.511,0,1602.5,1516.8,85.7
screen,50,0.05,0.1,5,expected_confirmations=2,100,1,18,18,0.1900,0.4191,134.62,2.81,9.264,8.940,15.232,15.511,0,1602.5,1516.8,85.7
screen,50,0.05,0.1,5,expected_confirmations=5,100,0,15,14,0.1500,0.3860,134.59,2.81,9.261,8.927,15.232,15.511,0,1602.3,1516.6,85.7
screen,50,0.05,0.1,5,gossip_interval=100ms,100,0,15,15,0.1500,0.3589,139.37,2.77,9.018,8.601,12.656,12.770,0,2267.8,2182.1,85.7
screen,50,0.05,0.1,5,gossip_interval=400ms,100,0,12,11,0.1200,0.3562,127.67,2.46,9.227,8.836,17.310,17.939,0,1139.1,1053.4,85.7
screen,50,0.05,0.1,5,gossip_nodes=2,100,1,12,13,0.1300,0.3380,131.24,2.84,8.978,8.615,13.814,14.157,0,1314.9,1229.3,85.7
screen,50,0.05,0.1,5,gossip_nodes=5,100,1,10,9,0.1100,0.3732,138.13,2.83,9.131,8.802,14.749,15.023,0,2014.5,1928.7,85.8
screen,50,0.05,0.1,5,retransmit_mult=2,100,27,424,98,4.5100,2.2540,135.71,2.45,8.887,8.525,12.879,13.055,0,1221.0,1135.1,85.9
screen,50,0.05,0.1,5,retransmit_mult=6,100,0,0,0,0.0000,0.0000,134.10,2.77,9.092,8.948,12.900,13.114,0,1807.4,1721.7,85.7
screen,200,0,0,0,lan,50,0,0,0,0.0000,0.0000,0.00,0.00,11.135,10.798,15.823,15.894,0,490.0,214.4,275.6
screen,200,0,0,0,probe_interval=500ms probe_timeout=250ms,50,0,0,0,0.0000,0.0000,0.00,0.00,5.580,5.466,7.119,7.223,0,578.2,302.6,275.6
screen,200,0,0,0,probe_interval=750ms probe_timeout=375ms,50,0,0,0,0.0000,0.0000,0.00,0.00,8.387,8.159,11.392,11.461,0,513.3,237.7,275.6
screen,200,0,0,0,probe_interval=1500ms probe_timeout=750ms,50,0,0,0,0.0000,0.0000,0.00,0.00,16.807,16.520,22.816,22.880,0,485.0,209.4,275.6
screen,200,0,0,0,probe_timeout=250ms,50,0,0,0,0.0000,0.0000,0.00,0.00,11.135,10.798,15.823,15.893,0,490.0,214.4,275.6
screen,200,0,0,0,probe_timeout=750ms,50,0,0,0,0.0000,0.0000,0.00,0.00,11.135,10.798,15.823,15.894,0,490.0,214.4,275.5
screen,200,0,0,0,suspicion_mult=2,50,0,0,0,0.0000,0.0000,0.00,0.00,6.533,6.196,11.221,11.288,0,452.3,176.8,275.6
screen,200,0,0,0,suspicion_mult=3,50,0,0,0,0.0000,0.0000,0.00,0.00,8.834,8.497,13.522,13.589,0,471.2,195.6,275.6
screen,200,0,0,0,suspicion_mult=5,50,0,0,0,0.0000,0.0000,0.00,0.00,13.436,13.098,18.124,18.191,0,508.7,233.2,275.5
screen,200,0,0,0,suspicion_max_mult=4,50,0,0,0,0.0000,0.0000,0.00,0.00,11.135,10.798,15.823,15.894,0,490.0,214.4,275.6
screen,200,0,0,0,suspicion_max_mult=8,50,0,0,0,0.0000,0.0000,0.00,0.00,11.135,10.798,15.823,15.894,0,490.0,214.4,275.6
screen,200,0,0,0,expected_confirmations=2,50,0,0,0,0.0000,0.0000,0.00,0.00,11.135,10.798,15.823,15.894,0,490.0,214.4,275.6
screen,200,0,0,0,expected_confirmations=5,50,0,0,0,0.0000,0.0000,0.00,0.00,11.135,10.798,15.823,15.894,0,490.0,214.4,275.6
screen,200,0,0,0,gossip_interval=100ms,50,0,0,0,0.0000,0.0000,0.00,0.00,11.184,10.937,14.070,14.108,0,560.7,285.1,275.6
screen,200,0,0,0,gossip_interval=400ms,50,0,0,0,0.0000,0.0000,0.00,0.00,11.163,10.865,13.776,14.022,0,452.7,177.1,275.6
screen,200,0,0,0,gossip_nodes=2,50,0,0,0,0.0000,0.0000,0.00,0.00,11.241,10.914,15.158,15.293,0,465.0,189.4,275.6
screen,200,0,0,0,gossip_nodes=5,50,0,0,0,0.0000,0.0000,0.00,0.00,11.433,11.401,15.239,15.254,0,536.6,261.0,275.6
screen,200,0,0,0,retransmit_mult=2,50,0,0,0,0.0000,0.0000,0.00,0.00,11.060,10.780,13.058,13.135,0,480.8,205.3,275.5
screen,200,0,0,0,retransmit_mult=6,50,0,0,0,0.0000,0.0000,0.00,0.00,11.129,10.798,15.075,15.131,0,496.4,220.8,275.6
screen,200,0.01,0,0,lan,50,0,0,0,0.0000,0.0000,0.00,0.00,11.096,10.792,15.824,15.904,0,507.4,229.2,278.3
screen,200,0.01,0,0,probe_interval=500ms probe_timeout=250ms,50,0,0,0,0.0000,0.0000,0.00,0.00,5.581,5.465,7.119,7.224,0,612.5,331.6,280.9
screen,200,0.01,0,0,probe_interval=750ms probe_timeout=375ms,50,0,0,0,0.0000,0.0000,0.00,0.00,8.387,8.159,11.391,11.489,0,536.3,257.2,279.1
screen,200,0.01,0,0,probe_interval=1500ms probe_timeout=750ms,50,0,0,0,0.0000,0.0000,0.00,0.00,16.796,16.520,22.817,22.961,0,496.6,219.3,277.3
screen,200,0.01,0,0,probe_timeout=250ms,50,0,0,0,0.0000,0.0000,0.00,0.00,11.139,10.798,15.823,15.881,0,507.1,228.9,278.2
screen,200,0.01,0,0,probe_timeout=750ms,50,0,0,0,0.0000,0.0000,0.00,0.00,11.120,10.798,15.823,15.912,0,507.3,229.1,278.2
screen,200,0.01,0,0,suspicion_mult=2,50,0,0,0,0.0000,0.0000,0.00,0.00,6.494,6.190,11.221,11.310,0,469.7,191.5,278.3
screen,200,0.01,0,0,suspicion_mult=3,50,0,0,0,0.0000,0.0000,0.00,0.00,8.795,8.491,13.523,13.611,0,488.7,210.4,278.3
screen,200,0.01,0,0,suspicion_mult=5,50,0,0,0,0.0000,0.0000,0.00,0.00,13.397,13.093,18.125,18.213,0,526.2,248.0,278.2
screen,200,0.01,0,0,suspicion_max_mult=4,50,0,0,0,0.0000,0.0000,0.00,0.00,11.096,10.792,15.824,15.904,0,507.4,229.2,278.3
screen,200,0.01,0,0,suspicion_max_mult=8,50,0,0,0,0.0000,0.0000,0.00,0.00,11.096,10.792,15.824,15.904,0,507.4,229.2,278.3
screen,200,0.01,0,0,expected_confirmations=2,50,0,0,0,0.0000,0.0000,0.00,0.00,11.096,10.792,15.824,15.904,0,507.4,229.2,278.3
screen,200,0.01,0,0,expected_confirmations=5,50,0,0,0,0.0000,0.0000,0.00,0.00,11.096,10.792,15.824,15.904,0,507.4,229.2,278.3
screen,200,0.01,0,0,gossip_interval=100ms,50,0,0,0,0.0000,0.0000,0.00,0.00,11.182,10.937,14.070,14.095,0,577.9,299.7,278.2
screen,200,0.01,0,0,gossip_interval=400ms,50,0,0,0,0.0000,0.0000,0.00,0.00,11.162,10.865,13.775,13.933,0,469.7,191.5,278.2
screen,200,0.01,0,0,gossip_nodes=2,50,0,0,0,0.0000,0.0000,0.00,0.00,11.241,10.915,15.158,15.396,0,482.1,203.9,278.2
screen,200,0.01,0,0,gossip_nodes=5,50,0,0,0,0.0000,0.0000,0.00,0.00,11.407,11.401,15.240,15.252,0,553.8,275.5,278.2
screen,200,0.01,0,0,retransmit_mult=2,50,0,0,0,0.0000,0.0000,0.00,0.00,11.061,10.780,13.058,13.144,0,498.2,220.0,278.3
screen,200,0.01,0,0,retransmit_mult=6,50,0,0,0,0.0000,0.0000,0.00,0.00,11.130,10.797,15.075,15.205,0,513.6,235.3,278.2
screen,200,0.03,0,0,lan,50,0,0,0,0.0000,0.0000,0.00,0.00,11.101,10.798,15.823,15.929,0,540.7,257.2,283.5
screen,200,0.03,0,0,probe_interval=500ms probe_timeout=250ms,50,0,0,0,0.0000,0.0000,0.00,0.00,5.575,5.466,7.119,7.190,0,678.8,387.5,291.3
screen,200,0.03,0,0,probe_interval=750ms probe_timeout=375ms,50,0,0,0,0.0000,0.0000,0.00,0.00,8.377,8.159,11.392,11.481,0,580.6,294.5,286.1
screen,200,0.03,0,0,probe_interval=1500ms probe_timeout=750ms,50,0,0,0,0.0000,0.0000,0.00,0.00,16.808,16.520,22.817,22.901,0,518.8,238.1,280.7
screen,200,0.03,0,0,probe_timeout=250ms,50,0,0,0,0.0000,0.0000,0.00,0.00,11.135,10.797,15.823,15.904,0,540.6,257.1,283.4
screen,200,0.03,0,0,probe_timeout=750ms,50,0,0,0,0.0000,0.0000,0.00,0.00,11.054,10.792,15.823,15.886,0,540.3,256.9,283.4
screen,200,0.03,0,0,suspicion_mult=2,50,0,0,0,0.0000,0.0000,0.00,0.00,6.499,6.196,11.221,11.371,0,502.7,219.2,283.5
screen,200,0.03,0,0,suspicion_mult=3,50,0,0,0,0.0000,0.0000,0.00,0.00,8.800,8.497,13.522,13.636,0,521.7,238.2,283.5
screen,200,0.03,0,0,suspicion_mult=5,50,0,0,0,0.0000,0.0000,0.00,0.00,13.402,13.099,18.124,18.230,0,559.7,276.2,283.5
screen,200,0.03,0,0,suspicion_max_mult=4,50,0,0,0,0.0000,0.0000,0.00,0.00,11.101,10.798,15.823,15.929,0,540.7,257.2,283.5
screen,200,0.03,0,0,suspicion_max_mult=8,50,0,0,0,0.0000,0.0000,0.00,0.00,11.101,10.798,15.823,15.929,0,540.7,257.2,283.5
screen,200,0.03,0,0,expected_confirmations=2,50,0,0,0,0.0000,0.0000,0.00,0.00,11.101,10.798,15.823,15.929,0,540.7,257.2,283.5
screen,200,0.03,0,0,expected_confirmations=5,50,0,0,0,0.0000,0.0000,0.00,0.00,11.101,10.798,15.823,15.929,0,540.7,257.2,283.5
screen,200,0.03,0,0,gossip_interval=100ms,50,0,0,0,0.0000,0.0000,0.00,0.00,11.168,10.902,14.070,14.138,0,610.7,327.2,283.4
screen,200,0.03,0,0,gossip_interval=400ms,50,0,0,0,0.0000,0.0000,0.00,0.00,11.041,10.773,13.775,13.962,0,503.1,219.7,283.5
screen,200,0.03,0,0,gossip_nodes=2,50,0,0,0,0.0000,0.0000,0.00,0.00,11.196,10.906,15.158,15.338,0,515.2,231.8,283.4
screen,200,0.03,0,0,gossip_nodes=5,50,0,0,0,0.0000,0.0000,0.00,0.00,11.433,11.401,15.239,15.267,0,586.7,303.3,283.4
screen,200,0.03,0,0,retransmit_mult=2,50,0,0,0,0.0000,0.0000,0.00,0.00,10.996,10.730,13.057,13.135,0,530.9,247.5,283.4
screen,200,0.03,0,0,retransmit_mult=6,50,0,0,0,0.0000,0.0000,0.00,0.00,11.015,10.792,13.582,13.622,0,546.8,263.3,283.4
screen,200,0.05,0,0,lan,50,0,0,0,0.0000,0.0000,0.00,0.00,11.094,10.798,15.823,15.870,0,572.1,283.5,288.6
screen,200,0.05,0,0,probe_interval=500ms probe_timeout=250ms,50,0,0,0,0.0000,0.0000,0.00,0.00,5.581,5.466,7.119,7.248,0,740.6,439.1,301.5
screen,200,0.05,0,0,probe_interval=750ms probe_timeout=375ms,50,0,0,0,0.0000,0.0000,0.00,0.00,8.298,8.117,10.557,10.677,0,622.0,329.1,292.9
screen,200,0.05,0,0,probe_interval=1500ms probe_timeout=750ms,50,0,0,0,0.0000,0.0000,0.00,0.00,16.760,16.519,22.817,22.933,0,539.8,255.6,284.2
screen,200,0.05,0,0,probe_timeout=250ms,50,0,0,0,0.0000,0.0000,0.00,0.00,11.120,10.798,15.823,15.960,0,572.0,283.4,288.6
screen,200,0.05,0,0,probe_timeout=750ms,50,0,0,0,0.0000,0.0000,0.00,0.00,11.043,10.792,15.823,15.927,0,571.6,283.1,288.5
screen,200,0.05,0,0,suspicion_mult=2,50,0,0,0,0.0000,0.0000,0.00,0.00,6.492,6.196,11.221,11.336,0,534.0,245.4,288.6
screen,200,0.05,0,0,suspicion_mult=3,50,0,0,0,0.0000,0.0000,0.00,0.00,8.793,8.497,13.522,13.589,0,553.1,264.5,288.6
screen,200,0.05,0,0,suspicion_mult=5,50,0,0,0,0.0000,0.0000,0.00,0.00,13.396,13.099,18.124,18.191,0,590.9,302.3,288.6
screen,200,0.05,0,0,suspicion_max_mult=4,50,0,0,0,0.0000,0.0000,0.00,0.00,11.094,10.798,15.823,15.870,0,572.1,283.5,288.6
screen,200,0.05,0,0,suspicion_max_mult=8,50,0,0,0,0.0000,0.0000,0.00,0.00,11.094,10.798,15.823,15.870,0,572.1,283.5,288.6
screen,200,0.05,0,0,expected_confirmations=2,50,0,0,0,0.0000,0.0000,0.00,0.00,11.094,10.798,15.823,15.870,0,572.1,283.5,288.6
screen,200,0.05,0,0,expected_confirmations=5,50,0,0,0,0.0000,0.0000,0.00,0.00,11.094,10.798,15.823,15.870,0,572.1,283.5,288.6
screen,200,0.05,0,0,gossip_interval=100ms,50,0,0,0,0.0000,0.0000,0.00,0.00,11.084,10.853,14.070,14.108,0,641.7,353.1,288.6
screen,200,0.05,0,0,gossip_interval=400ms,50,0,0,0,0.0000,0.0000,0.00,0.00,11.110,10.863,13.776,13.969,0,534.4,245.8,288.6
screen,200,0.05,0,0,gossip_nodes=2,50,0,0,0,0.0000,0.0000,0.00,0.00,11.089,10.782,17.023,17.282,0,546.7,258.3,288.5
screen,200,0.05,0,0,gossip_nodes=5,50,0,0,0,0.0000,0.0000,0.00,0.00,11.351,11.209,15.240,15.266,0,618.5,330.0,288.6
screen,200,0.05,0,0,retransmit_mult=2,50,0,0,0,0.0000,0.0000,0.00,0.00,11.002,10.774,13.058,13.183,0,562.0,273.5,288.5
screen,200,0.05,0,0,retransmit_mult=6,50,0,0,0,0.0000,0.0000,0.00,0.00,11.105,10.792,15.075,15.210,0,577.8,289.3,288.5
screen,200,0,0.01,2,lan,50,0,0,0,0.0000,0.0000,56.12,1.51,11.541,11.197,15.581,15.779,0,1502.2,1225.9,276.4
screen,200,0,0.01,2,probe_interval=500ms probe_timeout=250ms,50,0,1,1,0.0200,0.1414,70.96,1.14,5.687,5.634,6.877,7.082,0,1797.3,1519.9,277.4
screen,200,0,0.01,2,probe_interval=750ms probe_timeout=375ms,50,0,0,0,0.0000,0.0000,62.14,1.64,8.500,8.297,10.341,10.530,0,1614.4,1337.7,276.6
screen,200,0,0.01,2,probe_interval=1500ms probe_timeout=750ms,50,0,0,0,0.0000,0.0000,45.20,1.84,16.877,16.518,20.269,20.449,0,1339.4,1063.3,276.1
screen,200,0,0.01,2,probe_timeout=250ms,50,0,0,0,0.0000,0.0000,56.04,1.34,11.554,11.209,15.594,15.837,0,1505.8,1229.3,276.5
screen,200,0,0.01,2,probe_timeout=750ms,50,0,0,0,0.0000,0.0000,55.84,1.40,11.537,11.206,15.618,15.814,0,1504.0,1227.7,276.3
screen,200,0,0.01,2,suspicion_mult=2,50,0,0,0,0.0000,0.0000,56.02,1.38,6.938,6.594,10.978,11.191,0,1490.6,1214.3,276.4
screen,200,0,0.01,2,suspicion_mult=3,50,0,0,0,0.0000,0.0000,56.04,1.52,9.229,8.872,13.290,13.489,0,1497.3,1221.0,276.3
screen,200,0,0.01,2,suspicion_mult=5,50,0,0,0,0.0000,0.0000,55.96,1.46,13.834,13.473,17.878,18.052,0,1509.6,1233.2,276.3
screen,200,0,0.01,2,suspicion_max_mult=4,50,0,0,0,0.0000,0.0000,56.12,1.51,11.541,11.197,15.581,15.779,0,1502.2,1225.9,276.4
screen,200,0,0.01,2,suspicion_max_mult=8,50,0,0,0,0.0000,0.0000,56.12,1.51,11.541,11.197,15.581,15.779,0,1502.2,1225.9,276.4
screen,200,0,0.01,2,expected_confirmations=2,50,0,0,0,0.0000,0.0000,56.12,1.51,11.541,11.197,15.581,15.779,0,1502.2,1225.9,276.4
screen,200,0,0.01,2,expected_confirmations=5,50,0,0,0,0.0000,0.0000,56.12,1.51,11.541,11.197,15.581,15.779,0,1502.2,1225.9,276.4
screen,200,0,0.01,2,gossip_interval=100ms,50,0,0,0,0.0000,0.0000,57.78,1.78,11.634,11.184,15.091,15.118,0,2352.4,2076.0,276.4
screen,200,0,0.01,2,gossip_interval=400ms,50,0,0,0,0.0000,0.0000,52.44,1.34,11.458,11.234,13.782,14.110,0,1033.4,757.0,276.5
screen,200,0,0.01,2,gossip_nodes=2,50,0,0,0,0.0000,0.0000,54.02,1.46,11.541,11.195,15.661,15.897,0,1193.1,916.7,276.4
screen,200,0,0.01,2,gossip_nodes=5,50,0,0,0,0.0000,0.0000,57.32,1.20,11.312,11.041,13.589,13.760,0,2072.7,1796.2,276.4
screen,200,0,0.01,2,retransmit_mult=2,50,6,3,9,0.1800,0.3881,57.04,1.65,11.494,11.058,15.309,15.492,0,1385.6,1109.2,276.4
screen,200,0,0.01,2,retransmit_mult=6,50,0,0,0,0.0000,0.0000,55.46,1.42,11.605,11.192,16.628,16.851,0,1576.7,1300.3,276.4
screen,200,0.01,0.01,2,lan,50,0,0,0,0.0000,0.0000,55.68,1.63,11.496,11.075,15.610,15.800,0,1520.1,1241.1,279.0
screen,200,0.01,0.01,2,probe_interval=500ms probe_timeout=250ms,50,0,0,0,0.0000,0.0000,71.50,1.30,5.689,5.617,6.901,7.050,0,1840.0,1557.4,282.6
screen,200,0.01,0.01,2,probe_interval=750ms probe_timeout=375ms,50,0,0,0,0.0000,0.0000,61.90,1.46,8.535,8.308,10.316,10.509,0,1638.8,1358.7,280.1
screen,200,0.01,0.01,2,probe_interval=1500ms probe_timeout=750ms,50,0,0,0,0.0000,0.0000,45.00,1.73,16.946,16.604,20.307,20.416,0,1353.0,1075.1,277.9
screen,200,0.01,0.01,2,probe_timeout=250ms,50,0,0,0,0.0000,0.0000,56.06,1.80,11.531,11.131,15.575,15.764,0,1522.6,1243.5,279.1
screen,200,0.01,0.01,2,probe_timeout=750ms,50,0,0,0,0.0000,0.0000,56.08,1.64,11.502,11.131,15.580,15.804,0,1520.0,1241.2,278.9
screen,200,0.01,0.01,2,suspicion_mult=2,50,0,0,0,0.0000,0.0000,55.70,1.57,6.893,6.473,11.008,11.190,0,1509.7,1230.7,279.0
screen,200,0.01,0.01,2,suspicion_mult=3,50,0,0,0,0.0000,0.0000,55.58,1.33,9.188,8.774,13.298,13.490,0,1514.3,1235.3,279.0
screen,200,0.01,0.01,2,suspicion_mult=5,50,0,0,0,0.0000,0.0000,55.54,1.51,13.790,13.376,17.922,18.138,0,1525.1,1246.1,279.0
screen,200,0.01,0.01,2,suspicion_max_mult=4,50,0,0,0,0.0000,0.0000,55.68,1.63,11.496,11.075,15.610,15.800,0,1520.1,1241.1,279.0
screen,200,0.01,0.01,2,suspicion_max_mult=8,50,0,0,0,0.0000,0.0000,55.68,1.63,11.496,11.075,15.610,15.800,0,1520.1,1241.1,279.0
screen,200,0.01,0.01,2,expected_confirmations=2,50,0,0,0,0.0000,0.0000,55.68,1.63,11.496,11.075,15.610,15.800,0,1520.1,1241.1,279.0
screen,200,0.01,0.01,2,expected_confirmations=5,50,0,0,0,0.0000,0.0000,55.68,1.63,11.496,11.075,15.610,15.800,0,1520.1,1241.1,279.0
screen,200,0.01,0.01,2,gossip_interval=100ms,50,0,0,0,0.0000,0.0000,57.82,1.49,11.646,11.183,15.091,15.159,0,2372.3,2093.3,279.0
screen,200,0.01,0.01,2,gossip_interval=400ms,50,0,0,0,0.0000,0.0000,52.32,1.58,11.486,11.246,14.278,14.614,0,1053.9,774.9,279.0
screen,200,0.01,0.01,2,gossip_nodes=2,50,0,0,0,0.0000,0.0000,53.72,1.36,11.557,11.207,15.657,15.970,0,1212.3,933.3,279.0
screen,200,0.01,0.01,2,gossip_nodes=5,50,0,0,0,0.0000,0.0000,57.24,1.61,11.297,10.971,13.622,13.696,0,2088.9,1809.8,279.0
screen,200,0.01,0.01,2,retransmit_mult=2,50,1,1,2,0.0400,0.1979,56.62,1.55,11.509,11.066,15.286,15.466,0,1401.5,1122.5,279.0
screen,200,0.01,0.01,2,retransmit_mult=6,50,0,0,0,0.0000,0.0000,55.76,1.49,11.598,11.169,16.628,16.866,0,1597.5,1318.5,279.0
screen,200,0.03,0.01,2,lan,50,0,0,0,0.0000,0.0000,55.54,1.49,11.418,11.132,15.597,15.843,0,1557.0,1272.9,284.1
screen,200,0.03,0.01,2,probe_interval=500ms probe_timeout=250ms,50,0,0,0,0.0000,0.0000,73.38,1.92,5.675,5.584,7.300,7.516,0,1926.8,1634.1,292.8
screen,200,0.03,0.01,2,probe_interval=750ms probe_timeout=375ms,50,0,0,0,0.0000,0.0000,61.94,1.48,8.383,8.236,10.368,10.588,0,1690.6,1403.8,286.8
screen,200,0.03,0.01,2,probe_interval=1500ms probe_timeout=750ms,50,0,0,0,0.0000,0.0000,44.86,1.53,16.865,16.448,20.289,20.520,0,1378.1,1096.9,281.2
screen,200,0.03,0.01,2,probe_timeout=250ms,50,0,0,0,0.0000,0.0000,55.64,1.48,11.514,11.154,15.612,15.844,0,1556.8,1272.6,284.2
screen,200,0.03,0.01,2,probe_timeout=750ms,50,0,0,0,0.0000,0.0000,56.60,1.58,11.462,11.043,15.591,15.802,0,1561.3,1277.3,284.0
screen,200,0.03,0.01,2,suspicion_mult=2,50,0,2,2,0.0400,0.1979,55.62,1.43,6.815,6.523,10.989,11.207,0,1545.4,1261.3,284.1
screen,200,0.03,0.01,2,suspicion_mult=3,50,0,0,0,0.0000,0.0000,55.60,1.47,9.109,8.822,13.294,13.521,0,1551.3,1267.2,284.1
screen,200,0.03,0.01,2,suspicion_mult=5,50,0,0,0,0.0000,0.0000,55.44,1.47,13.711,13.424,17.892,18.076,0,1562.8,1278.7,284.1
screen,200,0.03,0.01,2,suspicion_max_mult=4,50,0,0,0,0.0000,0.0000,55.54,1.49,11.418,11.132,15.597,15.843,0,1557.0,1272.9,284.1
screen,200,0.03,0.01,2,suspicion_max_mult=8,50,0,0,0,0.0000,0.0000,55.54,1.49,11.418,11.132,15.597,15.843,0,1557.0,1272.9,284.1
screen,200,0.03,0.01,2,expected_confirmations=2,50,0,0,0,0.0000,0.0000,55.54,1.49,11.418,11.132,15.597,15.843,0,1557.0,1272.9,284.1
screen,200,0.03,0.01,2,expected_confirmations=5,50,0,0,0,0.0000,0.0000,55.54,1.49,11.418,11.132,15.597,15.843,0,1557.0,1272.9,284.1
screen,200,0.03,0.01,2,gossip_interval=100ms,50,0,0,0,0.0000,0.0000,57.98,1.72,11.391,10.950,15.091,15.134,0,2409.5,2125.3,284.1
screen,200,0.03,0.01,2,gossip_interval=400ms,50,0,0,0,0.0000,0.0000,52.08,1.28,11.352,11.130,14.268,14.570,0,1090.8,806.6,284.1
screen,200,0.03,0.01,2,gossip_nodes=2,50,0,0,0,0.0000,0.0000,54.26,1.50,11.552,11.184,15.642,15.976,0,1253.5,969.4,284.1
screen,200,0.03,0.01,2,gossip_nodes=5,50,0,0,0,0.0000,0.0000,57.34,1.75,11.298,10.945,13.578,13.694,0,2130.4,1846.4,284.0
screen,200,0.03,0.01,2,retransmit_mult=2,50,5,2,7,0.1400,0.3505,56.82,1.52,11.457,11.002,15.324,15.582,0,1436.9,1152.8,284.1
screen,200,0.03,0.01,2,retransmit_mult=6,50,0,0,0,0.0000,0.0000,55.58,1.64,11.588,11.216,16.703,16.866,0,1634.5,1350.5,284.0
screen,200,0.05,0.01,2,lan,50,0,0,0,0.0000,0.0000,55.36,1.50,11.427,10.954,15.579,15.851,0,1589.8,1300.8,289.0
screen,200,0.05,0.01,2,probe_interval=500ms probe_timeout=250ms,50,0,2,2,0.0400,0.1979,75.02,1.81,5.675,5.595,6.894,7.038,0,2005.9,1703.2,302.7
screen,200,0.05,0.01,2,probe_interval=750ms probe_timeout=375ms,50,0,0,0,0.0000,0.0000,62.00,1.47,8.381,8.267,10.428,10.640,0,1740.7,1447.2,293.5
screen,200,0.05,0.01,2,probe_interval=1500ms probe_timeout=750ms,50,0,0,0,0.0000,0.0000,44.96,1.78,16.806,16.395,20.473,20.788,0,1396.9,1112.5,284.5
screen,200,0.05,0.01,2,probe_timeout=250ms,50,0,0,0,0.0000,0.0000,55.78,1.56,11.432,11.028,15.617,15.884,0,1595.7,1306.6,289.2
screen,200,0.05,0.01,2,probe_timeout=750ms,50,0,0,0,0.0000,0.0000,57.42,1.58,11.306,11.071,15.611,15.833,0,1599.0,1310.1,289.0
screen,200,0.05,0.01,2,suspicion_mult=2,50,2,1,3,0.0600,0.2399,55.60,1.55,6.828,6.355,10.972,11.162,0,1576.3,1287.3,289.0
screen,200,0.05,0.01,2,suspicion_mult=3,50,1,1,2,0.0400,0.1979,55.60,1.31,9.124,8.669,13.244,13.495,0,1584.7,1295.7,289.0
screen,200,0.05,0.01,2,suspicion_mult=5,50,0,0,0,0.0000,0.0000,55.44,1.34,13.725,13.267,17.865,18.096,0,1594.7,1305.8,288.9
screen,200,0.05,0.01,2,suspicion_max_mult=4,50,1,0,1,0.0200,0.1414,55.36,1.50,11.427,10.954,15.579,15.851,0,1589.8,1300.8,289.0
screen,200,0.05,0.01,2,suspicion_max_mult=8,50,0,0,0,0.0000,0.0000,55.36,1.50,11.427,10.954,15.579,15.851,0,1589.8,1300.8,289.0
screen,200,0.05,0.01,2,expected_confirmations=2,50,2,0,2,0.0400,0.1979,55.36,1.50,11.427,10.954,15.579,15.851,0,1589.8,1300.8,289.0
screen,200,0.05,0.01,2,expected_confirmations=5,50,0,0,0,0.0000,0.0000,55.36,1.50,11.427,10.954,15.579,15.851,0,1589.8,1300.8,289.0
screen,200,0.05,0.01,2,gossip_interval=100ms,50,0,0,0,0.0000,0.0000,57.74,1.41,11.526,11.164,14.726,14.828,0,2424.6,2135.5,289.1
screen,200,0.05,0.01,2,gossip_interval=400ms,50,0,0,0,0.0000,0.0000,52.12,1.49,11.389,11.121,14.278,14.701,0,1125.8,836.8,289.1
screen,200,0.05,0.01,2,gossip_nodes=2,50,0,0,0,0.0000,0.0000,54.14,1.73,11.503,11.165,15.593,15.845,0,1287.9,998.8,289.0
screen,200,0.05,0.01,2,gossip_nodes=5,50,0,0,0,0.0000,0.0000,57.20,1.56,11.204,10.882,13.623,13.742,0,2159.2,1870.2,289.1
screen,200,0.05,0.01,2,retransmit_mult=2,50,7,4,11,0.2200,0.4185,56.58,1.21,11.502,11.052,15.151,15.320,0,1469.0,1180.0,289.0
screen,200,0.05,0.01,2,retransmit_mult=6,50,0,0,0,0.0000,0.0000,55.40,1.59,11.308,10.794,16.632,16.818,0,1665.2,1376.2,289.0
screen,200,0,0.05,10,lan,50,0,0,0,0.0000,0.0000,267.80,3.61,11.478,11.222,15.026,15.257,0,3023.6,2744.1,279.5
screen,200,0,0.05,10,probe_interval=500ms probe_timeout=250ms,50,0,20,20,0.4000,0.4949,343.90,2.87,5.934,5.866,7.619,7.777,0,3927.9,3643.7,284.3
screen,200,0,0.05,10,probe_interval=750ms probe_timeout=375ms,50,0,0,0,0.0000,0.0000,300.20,3.73,8.563,8.436,9.994,10.162,0,3359.7,3079.0,280.6
screen,200,0,0.05,10,probe_interval=1500ms probe_timeout=750ms,50,0,0,0,0.0000,0.0000,217.50,3.53,16.966,16.612,22.671,22.922,0,2592.8,2314.8,278.0
screen,200,0,0.05,10,probe_timeout=250ms,50,0,0,0,0.0000,0.0000,268.12,3.59,11.555,11.277,14.970,15.176,0,3034.1,2753.9,280.2
screen,200,0,0.05,10,probe_timeout=750ms,50,0,0,0,0.0000,0.0000,267.38,3.56,11.628,11.310,15.007,15.176,0,3018.3,2739.1,279.2
screen,200,0,0.05,10,suspicion_mult=2,50,0,19,17,0.3800,0.5675,268.00,3.77,6.875,6.616,10.405,10.675,0,3015.4,2736.0,279.4
screen,200,0,0.05,10,suspicion_mult=3,50,0,0,0,0.0000,0.0000,267.68,3.57,9.172,8.913,12.689,12.959,0,3018.8,2739.4,279.4
screen,200,0,0.05,10,suspicion_mult=5,50,0,0,0,0.0000,0.0000,267.58,3.53,13.776,13.521,17.332,17.549,0,3028.1,2748.6,279.5
screen,200,0,0.05,10,suspicion_max_mult=4,50,0,0,0,0.0000,0.0000,267.80,3.61,11.478,11.222,15.026,15.257,0,3023.6,2744.1,279.5
screen,200,0,0.05,10,suspicion_max_mult=8,50,0,0,0,0.0000,0.0000,267.80,3.61,11.478,11.222,15.026,15.257,0,3023.6,2744.1,279.5
screen,200,0,0.05,10,expected_confirmations=2,50,0,0,0,0.0000,0.0000,267.80,3.61,11.478,11.222,15.026,15.257,0,3023.6,2744.1,279.5
screen,200,0,0.05,10,expected_confirmations=5,50,0,0,0,0.0000,0.0000,267.80,3.61,11.478,11.222,15.026,15.257,0,3023.6,2744.1,279.5
screen,200,0,0.05,10,gossip_interval=100ms,50,0,0,0,0.0000,0.0000,277.68,3.39,11.258,11.057,13.105,13.190,0,4820.5,4541.1,279.4
screen,200,0,0.05,10,gossip_interval=400ms,50,0,0,0,0.0000,0.0000,251.10,2.91,11.517,11.377,13.872,14.141,0,2049.6,1770.2,279.4
screen,200,0,0.05,10,gossip_nodes=2,50,1,0,1,0.0200,0.1414,259.34,3.93,11.688,11.259,15.423,15.784,0,2380.3,2100.8,279.5
screen,200,0,0.05,10,gossip_nodes=5,50,0,0,0,0.0000,0.0000,273.72,4.20,11.238,10.985,13.862,14.016,0,4211.6,3932.3,279.4
screen,200,0,0.05,10,retransmit_mult=2,50,25,21,30,0.9200,1.0069,268.20,3.75,11.399,11.154,13.511,13.715,0,2593.8,2314.3,279.5
screen,200,0,0.05,10,retransmit_mult=6,50,0,0,0,0.0000,0.0000,267.62,3.92,11.766,11.218,14.999,15.214,0,3301.7,3022.3,279.4
screen,200,0.01,0.05,10,lan,50,0,0,0,0.0000,0.0000,268.18,3.79,11.675,11.236,16.491,16.691,0,3053.3,2771.5,281.7
screen,200,0.01,0.05,10,probe_interval=500ms probe_timeout=250ms,50,0,22,21,0.4400,0.5406,348.08,4.28,5.911,5.670,8.204,8.399,0,4007.1,3718.2,288.9
screen,200,0.01,0.05,10,probe_interval=750ms probe_timeout=375ms,50,0,0,0,0.0000,0.0000,300.50,3.87,8.590,8.429,13.780,13.978,0,3401.7,3118.0,283.7
screen,200,0.01,0.05,10,probe_interval=1500ms probe_timeout=750ms,50,0,0,0,0.0000,0.0000,217.20,3.87,17.083,16.609,22.652,22.845,0,2607.2,2327.7,279.5
screen,200,0.01,0.05,10,probe_timeout=250ms,50,0,0,0,0.0000,0.0000,268.64,3.84,11.577,11.278,14.884,15.109,0,3064.9,2782.4,282.5
screen,200,0.01,0.05,10,probe_timeout=750ms,50,0,0,0,0.0000,0.0000,269.16,3.98,11.676,11.376,14.953,15.159,0,3052.4,2770.8,281.6
screen,200,0.01,0.05,10,suspicion_mult=2,50,0,22,17,0.4400,0.7602,267.60,3.83,7.076,6.639,11.898,12.099,0,3041.4,2759.6,281.8
screen,200,0.01,0.05,10,suspicion_mult=3,50,0,1,1,0.0200,0.1414,267.50,4.05,9.368,8.945,14.195,14.354,0,3046.9,2765.1,281.8
screen,200,0.01,0.05,10,suspicion_mult=5,50,0,0,0,0.0000,0.0000,267.82,3.68,13.971,13.542,18.819,19.001,0,3058.3,2776.5,281.8
screen,200,0.01,0.05,10,suspicion_max_mult=4,50,0,0,0,0.0000,0.0000,268.18,3.79,11.675,11.236,16.491,16.691,0,3053.3,2771.5,281.7
screen,200,0.01,0.05,10,suspicion_max_mult=8,50,0,0,0,0.0000,0.0000,268.18,3.79,11.675,11.236,16.491,16.691,0,3053.3,2771.5,281.7
screen,200,0.01,0.05,10,expected_confirmations=2,50,0,0,0,0.0000,0.0000,268.18,3.79,11.675,11.236,16.491,16.691,0,3053.3,2771.5,281.7
screen,200,0.01,0.05,10,expected_confirmations=5,50,0,0,0,0.0000,0.0000,268.18,3.79,11.675,11.236,16.491,16.691,0,3053.3,2771.5,281.7
screen,200,0.01,0.05,10,gossip_interval=100ms,50,0,0,0,0.0000,0.0000,277.60,3.12,11.204,10.951,13.153,13.273,0,4847.0,4565.1,281.8
screen,200,0.01,0.05,10,gossip_interval=400ms,50,0,0,0,0.0000,0.0000,250.76,3.20,11.491,11.323,13.094,13.442,0,2076.9,1795.0,281.8
screen,200,0.01,0.05,10,gossip_nodes=2,50,0,0,0,0.0000,0.0000,259.14,3.68,11.749,11.318,16.400,16.721,0,2408.9,2127.1,281.8
screen,200,0.01,0.05,10,gossip_nodes=5,50,0,0,0,0.0000,0.0000,273.20,3.96,11.095,10.943,13.562,13.738,0,4238.5,3956.6,281.8
screen,200,0.01,0.05,10,retransmit_mult=2,50,20,18,27,0.7600,0.8221,267.80,3.43,11.243,11.017,13.359,13.572,0,2616.5,2334.7,281.8
screen,200,0.01,0.05,10,retransmit_mult=6,50,0,0,0,0.0000,0.0000,267.14,3.97,11.600,11.257,15.001,15.261,0,3327.2,3045.4,281.8
screen,200,0.03,0.05,10,lan,50,0,0,0,0.0000,0.0000,267.14,4.30,11.612,11.240,15.034,15.199,0,3097.8,2811.5,286.3
screen,50,0,0,0,suspicion_mult=3 retransmit_mult=5,100,0,0,0,0.0000,0.0000,0.00,0.00,7.041,6.722,10.781,10.850,0,239.3,170.4,68.9
screen,50,0,0,0,suspicion_mult=3 retransmit_mult=6,100,0,0,0,0.0000,0.0000,0.00,0.00,6.942,6.673,9.959,10.018,0,242.6,173.8,68.8
screen,50,0.01,0,0,suspicion_mult=3 retransmit_mult=5,100,0,0,0,0.0000,0.0000,0.00,0.00,7.073,6.789,10.926,11.139,0,256.0,184.7,71.4
screen,50,0.01,0,0,suspicion_mult=3 retransmit_mult=6,100,0,0,0,0.0000,0.0000,0.00,0.00,7.014,6.691,10.513,10.545,0,259.2,187.7,71.4
screen,50,0.03,0,0,suspicion_mult=3 retransmit_mult=5,100,0,0,0,0.0000,0.0000,0.00,0.00,6.945,6.735,10.408,10.444,0,288.2,211.7,76.5
screen,50,0.03,0,0,suspicion_mult=3 retransmit_mult=6,100,0,0,0,0.0000,0.0000,0.00,0.00,6.931,6.623,10.306,10.349,0,291.3,214.8,76.6
screen,50,0.05,0,0,suspicion_mult=3 retransmit_mult=5,100,0,0,0,0.0000,0.0000,0.00,0.00,7.096,6.819,10.686,10.762,0,317.9,236.4,81.5
screen,50,0.05,0,0,suspicion_mult=3 retransmit_mult=6,100,0,0,0,0.0000,0.0000,0.00,0.00,7.004,6.734,13.542,13.585,0,322.6,241.0,81.6
screen,50,0,0.01,1,suspicion_mult=3 retransmit_mult=5,100,0,0,0,0.0000,0.0000,30.15,1.42,7.100,6.845,10.763,10.951,0,855.3,784.8,70.5
screen,50,0,0.01,1,suspicion_mult=3 retransmit_mult=6,100,0,0,0,0.0000,0.0000,30.05,1.22,7.172,6.964,9.954,10.172,0,898.6,828.0,70.5
screen,50,0.01,0.01,1,suspicion_mult=3 retransmit_mult=5,100,0,0,0,0.0000,0.0000,30.19,1.15,7.193,6.907,13.194,13.361,0,870.9,797.9,73.0
screen,50,0.01,0.01,1,suspicion_mult=3 retransmit_mult=6,100,0,0,0,0.0000,0.0000,30.20,1.26,7.230,6.916,12.129,12.340,0,915.3,842.4,73.0
screen,50,0.03,0.01,1,suspicion_mult=3 retransmit_mult=5,100,0,0,0,0.0000,0.0000,30.38,1.32,7.313,7.017,11.928,12.057,0,900.9,823.0,77.9
screen,50,0.03,0.01,1,suspicion_mult=3 retransmit_mult=6,100,0,0,0,0.0000,0.0000,30.10,1.34,7.073,6.832,11.163,11.444,0,944.2,866.4,77.8
screen,50,0.05,0.01,1,suspicion_mult=3 retransmit_mult=5,100,0,2,2,0.0200,0.1407,30.10,1.29,7.137,6.687,11.754,12.158,0,921.1,838.5,82.5
screen,50,0.05,0.01,1,suspicion_mult=3 retransmit_mult=6,100,0,0,0,0.0000,0.0000,30.01,1.34,7.219,6.883,11.754,11.862,0,966.5,883.9,82.6
screen,50,0,0.05,3,suspicion_mult=3 retransmit_mult=5,100,0,3,3,0.0300,0.1714,84.19,2.05,7.450,7.078,10.157,10.425,0,1366.6,1293.0,73.6
screen,50,0,0.05,3,suspicion_mult=3 retransmit_mult=6,100,0,0,0,0.0000,0.0000,83.78,1.80,7.265,6.909,13.374,13.696,0,1419.7,1346.2,73.5
screen,50,0.01,0.05,3,suspicion_mult=3 retransmit_mult=5,100,0,4,4,0.0400,0.1969,83.91,1.82,7.169,6.948,9.903,10.189,0,1378.0,1302.2,75.8
screen,50,0.01,0.05,3,suspicion_mult=3 retransmit_mult=6,100,0,1,1,0.0100,0.1000,83.56,1.99,7.286,7.085,11.324,11.631,0,1434.1,1358.4,75.7
screen,50,0.03,0.05,3,suspicion_mult=3 retransmit_mult=5,100,0,3,3,0.0300,0.1714,83.94,1.94,7.146,6.926,10.280,10.505,0,1405.1,1324.9,80.2
screen,50,0.03,0.05,3,suspicion_mult=3 retransmit_mult=6,100,0,4,4,0.0400,0.1969,83.67,1.90,7.214,7.032,10.450,10.710,0,1462.6,1382.5,80.2
screen,50,0.05,0.05,3,suspicion_mult=3 retransmit_mult=5,100,1,5,6,0.0600,0.2387,84.08,1.68,7.204,6.897,9.919,10.115,0,1429.5,1345.1,84.4
screen,50,0.05,0.05,3,suspicion_mult=3 retransmit_mult=6,100,0,0,0,0.0000,0.0000,83.55,1.97,7.263,6.921,10.755,10.960,0,1489.8,1405.4,84.4
screen,50,0,0.1,5,suspicion_mult=3 retransmit_mult=5,100,0,3,3,0.0300,0.1714,135.26,2.60,7.435,6.907,14.494,14.848,0,1669.5,1593.3,76.2
screen,50,0,0.1,5,suspicion_mult=3 retransmit_mult=6,100,0,1,1,0.0100,0.1000,135.40,2.59,7.425,7.044,11.470,11.811,0,1751.0,1674.8,76.2
screen,50,0.01,0.1,5,suspicion_mult=3 retransmit_mult=5,100,0,9,9,0.0900,0.2876,135.16,2.96,7.310,6.927,12.872,13.124,0,1678.7,1600.6,78.1
screen,50,0.01,0.1,5,suspicion_mult=3 retransmit_mult=6,100,0,3,3,0.0300,0.1714,135.33,2.98,7.360,7.000,10.402,10.659,0,1766.3,1688.1,78.2
screen,50,0.03,0.1,5,suspicion_mult=3 retransmit_mult=5,100,0,17,15,0.1700,0.4277,134.73,2.78,7.396,7.034,12.409,12.746,0,1699.1,1617.0,82.1
screen,50,0.03,0.1,5,suspicion_mult=3 retransmit_mult=6,100,0,0,0,0.0000,0.0000,134.21,2.78,7.173,6.806,13.495,13.740,0,1782.8,1700.7,82.1
screen,50,0.05,0.1,5,suspicion_mult=3 retransmit_mult=5,100,0,15,13,0.1500,0.4113,134.59,2.92,7.339,6.907,12.287,12.661,0,1717.4,1631.6,85.8
screen,50,0.05,0.1,5,suspicion_mult=3 retransmit_mult=6,100,0,4,4,0.0400,0.1969,134.03,3.25,7.391,7.233,11.201,11.525,0,1803.4,1717.7,85.7
